{"timestamp":"2026-10-04T21:24:10.713189Z","level":"INFO","fields":{"message":"python/3.14.7; huggingface_hub/1.33.0; hf_xet/1.6.0; , xet-core revision de71453-modified"},"filename":"D:\\a\\xet-core\\xet-core\\xet_runtime\\src\\logging\\init.rs","line_number":71}
{"timestamp":"2026-10-04T21:24:10.713248Z","level":"INFO","fields":{"message":"hf_xet logging configured."},"filename":"src\\logging.rs","line_number":36}
{"timestamp":"2026-10-04T21:24:11.192636Z","level":"INFO","fields":{"message":"Config: min_spacing_between_global_dedup_queries = 256 (default)"},"filename":"D:\\a\\xet-core\\xet-core\\xet_runtime\\src\\utils\\configuration_utils.rs","line_number":54}
{"timestamp":"2026-10-04T21:24:11.192676Z","level":"INFO","fields":{"message":"Config: local_cas_scheme = \"local://\" (default)"},"filename":"D:\\a\\xet-core\\xet-core\\xet_runtime\\src\\utils\\configuration_utils.rs","line_number":54}
{"timestamp":"2026-10-04T21:24:11.192693Z","level":"INFO","fields":{"message":"Config: max_concurrent_file_ingestion = 8 (default)"},"filename":"D:\\a\\xet-core\\xet-core\\xet_runtime\\src\\utils\\configuration_utils.rs","line_number":54}
{"timestamp":"2026-10-04T21:24:11.192698Z","level":"INFO","fields":{"message":"Config: max_concurrent_file_downloads = 8 (default)"},"filename":"D:\\a\\xet-core\\xet-core\\xet_runtime\\src\\utils\\configuration_utils.rs","line_number":54}
{"timestamp":"2026-10-04T21:24:11.192704Z","level":"INFO","fields":{"message":"Config: ingestion_block_size = 8MB (default)"},"filename":"D:\\a\\xet-core\\xet-core\\xet_runtime\\src\\utils\\configuration_utils.rs","line_number":54}
{"timestamp":"2026-10-04T21:24:11.192726Z","level":"INFO","fields":{"message":"Config: progress_update_interval = 200ms (default)"},"filename":"D:\\a\\xet-core\\xet-core\\xet_runtime\\src\\utils\\configuration_utils.rs","line_number":54}
{"timestamp":"2026-10-04T21:24:11.192739Z","level":"INFO","fields":{"message":"Config: progress_update_speed_sampling_window = 10s (default)"},"filename":"D:\\a\\xet-core\\xet-core\\xet_runtime\\src\\utils\\configuration_utils.rs","line_number":54}
{"timestamp":"2026-10-04T21:24:11.192744Z","level":"INFO","fields":{"message":"Config: progress_update_speed_min_observations = 4 (default)"},"filename":"D:\\a\\xet-core\\xet-core\\xet_runtime\\src\\utils\\configuration_utils.rs","line_number":54}
{"timestamp":"2026-10-04T21:24:11.192750Z","level":"INFO","fields":{"message":"Config: session_xorb_metadata_flush_interval = 20s (default)"},"filename":"D:\\a\\xet-core\\xet-core\\xet_runtime\\src\\utils\\configuration_utils.rs","line_number":54}
{"timestamp":"2026-10-04T21:24:11.192755Z","level":"INFO","fields":{"message":"Config: session_xorb_metadata_flush_max_count = 64 (default)"},"filename":"D:\\a\\xet-core\\xet-core\\xet_runtime\\src\\utils\\configuration_utils.rs","line_number":54}
{"timestamp":"2026-10-04T21:24:11.192759Z","level":"INFO","fields":{"message":"Config: default_cas_endpoint = \"http://localhost:8080\" (default)"},"filename":"D:\\a\\xet-core\\xet-core\\xet_runtime\\src\\utils\\configuration_utils.rs","line_number":54}
{"timestamp":"2026-10-04T21:24:11.192764Z","level":"INFO","fields":{"message":"Config: aggregate_progress = true (default)"},"filename":"D:\\a\\xet-core\\xet-core\\xet_runtime\\src\\utils\\configuration_utils.rs","line_number":54}
{"timestamp":"2026-10-04T21:24:11.192768Z","level":"INFO","fields":{"message":"Config: default_prefix = \"default\" (default)"},"filename":"D:\\a\\xet-core\\xet-core\\xet_runtime\\src\\utils\\configuration_utils.rs","line_number":54}
{"timestamp":"2026-10-04T21:24:11.192771Z","level":"INFO","fields":{"message":"Config: staging_subdir = \"staging\" (default)"},"filename":"D:\\a\\xet-core\\xet-core\\xet_runtime\\src\\utils\\configuration_utils.rs","line_number":54}
{"timestamp":"2026-10-04T21:24:11.192777Z","level":"INFO","fields":{"message":"Config: target_size = 67108864 (default)"},"filename":"D:\\a\\xet-core\\xet-core\\xet_runtime\\src\\utils\\configuration_utils.rs","line_number":54}
{"timestamp":"2026-10-04T21:24:11.192782Z","level":"INFO","fields":{"message":"Config: max_target_size = 67108864 (default)"},"filename":"D:\\a\\xet-core\\xet-core\\xet_runtime\\src\\utils\\configuration_utils.rs","line_number":54}
{"timestamp":"2026-10-04T21:24:11.192787Z","level":"INFO","fields":{"message":"Config: cache_size_limit = 16GB (default)"},"filename":"D:\\a\\xet-core\\xet-core\\xet_runtime\\src\\utils\\configuration_utils.rs","line_number":54}
{"timestamp":"2026-10-04T21:24:11.192794Z","level":"INFO","fields":{"message":"Config: chunk_index_table_max_size = 67108864 (default)"},"filename":"D:\\a\\xet-core\\xet-core\\xet_runtime\\src\\utils\\configuration_utils.rs","line_number":54}
{"timestamp":"2026-10-04T21:24:11.192798Z","level":"INFO","fields":{"message":"Config: cache_subdir = \"shard-cache\" (default)"},"filename":"D:\\a\\xet-core\\xet-core\\xet_runtime\\src\\utils\\configuration_utils.rs","line_number":54}
{"timestamp":"2026-10-04T21:24:11.192802Z","level":"INFO","fields":{"message":"Config: nranges_in_streaming_fragmentation_estimator = 128 (default)"},"filename":"D:\\a\\xet-core\\xet-core\\xet_runtime\\src\\utils\\configuration_utils.rs","line_number":54}
{"timestamp":"2026-10-04T21:24:11.192807Z","level":"INFO","fields":{"message":"Config: min_n_chunks_per_range_hysteresis_factor = 0.5 (default)"},"filename":"D:\\a\\xet-core\\xet-core\\xet_runtime\\src\\utils\\configuration_utils.rs","line_number":54}
{"timestamp":"2026-10-04T21:24:11.192839Z","level":"INFO","fields":{"message":"Config: min_n_chunks_per_range = 8.0 (default)"},"filename":"D:\\a\\xet-core\\xet-core\\xet_runtime\\src\\utils\\configuration_utils.rs","line_number":54}
{"timestamp":"2026-10-04T21:24:11.192849Z","level":"INFO","fields":{"message":"Config: global_dedup_query_enabled = true (default)"},"filename":"D:\\a\\xet-core\\xet-core\\xet_runtime\\src\\utils\\configuration_utils.rs","line_number":54}
{"timestamp":"2026-10-04T21:24:11.192853Z","level":"INFO","fields":{"message":"Config: size_bytes = 0 (default)"},"filename":"D:\\a\\xet-core\\xet-core\\xet_runtime\\src\\utils\\configuration_utils.rs","line_number":54}
{"timestamp":"2026-10-04T21:24:11.192857Z","level":"INFO","fields":{"message":"Config: retry_max_attempts = 5 (default)"},"filename":"D:\\a\\xet-core\\xet-core\\xet_runtime\\src\\utils\\configuration_utils.rs","line_number":54}
{"timestamp":"2026-10-04T21:24:11.192862Z","level":"INFO","fields":{"message":"Config: retry_base_delay = 3s (default)"},"filename":"D:\\a\\xet-core\\xet-core\\xet_runtime\\src\\utils\\configuration_utils.rs","line_number":54}
{"timestamp":"2026-10-04T21:24:11.192866Z","level":"INFO","fields":{"message":"Config: retry_max_duration = 360s (default)"},"filename":"D:\\a\\xet-core\\xet-core\\xet_runtime\\src\\utils\\configuration_utils.rs","line_number":54}
{"timestamp":"2026-10-04T21:24:11.192870Z","level":"INFO","fields":{"message":"Config: idle_connection_timeout = 60s (default)"},"filename":"D:\\a\\xet-core\\xet-core\\xet_runtime\\src\\utils\\configuration_utils.rs","line_number":54}
{"timestamp":"2026-10-04T21:24:11.192873Z","level":"INFO","fields":{"message":"Config: max_idle_connections = 16 (default)"},"filename":"D:\\a\\xet-core\\xet-core\\xet_runtime\\src\\utils\\configuration_utils.rs","line_number":54}
{"timestamp":"2026-10-04T21:24:11.192878Z","level":"INFO","fields":{"message":"Config: connect_timeout = 60s (default)"},"filename":"D:\\a\\xet-core\\xet-core\\xet_runtime\\src\\utils\\configuration_utils.rs","line_number":54}
{"timestamp":"2026-10-04T21:24:11.192882Z","level":"INFO","fields":{"message":"Config: read_timeout = 300s (default)"},"filename":"D:\\a\\xet-core\\xet-core\\xet_runtime\\src\\utils\\configuration_utils.rs","line_number":54}
{"timestamp":"2026-10-04T21:24:11.192886Z","level":"INFO","fields":{"message":"Config: upload_reporting_block_size = 524288 (default)"},"filename":"D:\\a\\xet-core\\xet-core\\xet_runtime\\src\\utils\\configuration_utils.rs","line_number":54}
{"timestamp":"2026-10-04T21:24:11.192890Z","level":"INFO","fields":{"message":"Config: enable_adaptive_concurrency = true (default)"},"filename":"D:\\a\\xet-core\\xet-core\\xet_runtime\\src\\utils\\configuration_utils.rs","line_number":54}
{"timestamp":"2026-10-04T21:24:11.192893Z","level":"INFO","fields":{"message":"Config: ac_min_adjustment_window_ms = 500 (default)"},"filename":"D:\\a\\xet-core\\xet-core\\xet_runtime\\src\\utils\\configuration_utils.rs","line_number":54}
{"timestamp":"2026-10-04T21:24:11.192897Z","level":"INFO","fields":{"message":"Config: ac_min_bytes_required_for_adjustment = 20MB (default)"},"filename":"D:\\a\\xet-core\\xet-core\\xet_runtime\\src\\utils\\configuration_utils.rs","line_number":54}
{"timestamp":"2026-10-04T21:24:11.192901Z","level":"INFO","fields":{"message":"Config: ac_num_transmissions_required_for_adjustment = 1 (default)"},"filename":"D:\\a\\xet-core\\xet-core\\xet_runtime\\src\\utils\\configuration_utils.rs","line_number":54}
{"timestamp":"2026-10-04T21:24:11.192905Z","level":"INFO","fields":{"message":"Config: ac_latency_rtt_half_life = 64.0 (default)"},"filename":"D:\\a\\xet-core\\xet-core\\xet_runtime\\src\\utils\\configuration_utils.rs","line_number":54}
{"timestamp":"2026-10-04T21:24:11.192911Z","level":"INFO","fields":{"message":"Config: ac_success_tracking_half_life = 8.0 (default)"},"filename":"D:\\a\\xet-core\\xet-core\\xet_runtime\\src\\utils\\configuration_utils.rs","line_number":54}
{"timestamp":"2026-10-04T21:24:11.192915Z","level":"INFO","fields":{"message":"Config: ac_target_rtt = 60s (default)"},"filename":"D:\\a\\xet-core\\xet-core\\xet_runtime\\src\\utils\\configuration_utils.rs","line_number":54}
{"timestamp":"2026-10-04T21:24:11.192920Z","level":"INFO","fields":{"message":"Config: ac_max_healthy_rtt = 90s (default)"},"filename":"D:\\a\\xet-core\\xet-core\\xet_runtime\\src\\utils\\configuration_utils.rs","line_number":54}
{"timestamp":"2026-10-04T21:24:11.192924Z","level":"INFO","fields":{"message":"Config: ac_rtt_success_max_quantile = 0.95 (default)"},"filename":"D:\\a\\xet-core\\xet-core\\xet_runtime\\src\\utils\\configuration_utils.rs","line_number":54}
{"timestamp":"2026-10-04T21:24:11.192931Z","level":"INFO","fields":{"message":"Config: ac_healthy_success_ratio_threshold = 0.8 (default)"},"filename":"D:\\a\\xet-core\\xet-core\\xet_runtime\\src\\utils\\configuration_utils.rs","line_number":54}
{"timestamp":"2026-10-04T21:24:11.192935Z","level":"INFO","fields":{"message":"Config: ac_unhealthy_success_ratio_threshold = 0.5 (default)"},"filename":"D:\\a\\xet-core\\xet-core\\xet_runtime\\src\\utils\\configuration_utils.rs","line_number":54}
{"timestamp":"2026-10-04T21:24:11.192940Z","level":"INFO","fields":{"message":"Config: ac_max_reference_transmission_size = 64MB (default)"},"filename":"D:\\a\\xet-core\\xet-core\\xet_runtime\\src\\utils\\configuration_utils.rs","line_number":54}
{"timestamp":"2026-10-04T21:24:11.192944Z","level":"INFO","fields":{"message":"Config: ac_min_reference_transmission_size = 1MB (default)"},"filename":"D:\\a\\xet-core\\xet-core\\xet_runtime\\src\\utils\\configuration_utils.rs","line_number":54}
{"timestamp":"2026-10-04T21:24:11.192948Z","level":"INFO","fields":{"message":"Config: ac_logging_interval_ms = 10000 (default)"},"filename":"D:\\a\\xet-core\\xet-core\\xet_runtime\\src\\utils\\configuration_utils.rs","line_number":54}
{"timestamp":"2026-10-04T21:24:11.192952Z","level":"INFO","fields":{"message":"Config: ac_max_upload_concurrency = 64 (default)"},"filename":"D:\\a\\xet-core\\xet-core\\xet_runtime\\src\\utils\\configuration_utils.rs","line_number":54}
{"timestamp":"2026-10-04T21:24:11.192956Z","level":"INFO","fields":{"message":"Config: ac_min_upload_concurrency = 1 (default)"},"filename":"D:\\a\\xet-core\\xet-core\\xet_runtime\\src\\utils\\configuration_utils.rs","line_number":54}
{"timestamp":"2026-10-04T21:24:11.192959Z","level":"INFO","fields":{"message":"Config: ac_initial_upload_concurrency = 2 (default)"},"filename":"D:\\a\\xet-core\\xet-core\\xet_runtime\\src\\utils\\configuration_utils.rs","line_number":54}
{"timestamp":"2026-10-04T21:24:11.192963Z","level":"INFO","fields":{"message":"Config: ac_max_download_concurrency = 64 (default)"},"filename":"D:\\a\\xet-core\\xet-core\\xet_runtime\\src\\utils\\configuration_utils.rs","line_number":54}
{"timestamp":"2026-10-04T21:24:11.192966Z","level":"INFO","fields":{"message":"Config: ac_min_download_concurrency = 1 (default)"},"filename":"D:\\a\\xet-core\\xet-core\\xet_runtime\\src\\utils\\configuration_utils.rs","line_number":54}
{"timestamp":"2026-10-04T21:24:11.192970Z","level":"INFO","fields":{"message":"Config: ac_initial_download_concurrency = 4 (default)"},"filename":"D:\\a\\xet-core\\xet-core\\xet_runtime\\src\\utils\\configuration_utils.rs","line_number":54}
{"timestamp":"2026-10-04T21:24:11.192973Z","level":"INFO","fields":{"message":"Config: unix_socket_path = None (default)"},"filename":"D:\\a\\xet-core\\xet-core\\xet_runtime\\src\\utils\\configuration_utils.rs","line_number":54}
{"timestamp":"2026-10-04T21:24:11.192977Z","level":"INFO","fields":{"message":"Config: reconstruction_api_version = None (default)"},"filename":"D:\\a\\xet-core\\xet-core\\xet_runtime\\src\\utils\\configuration_utils.rs","line_number":54}
{"timestamp":"2026-10-04T21:24:11.192980Z","level":"INFO","fields":{"message":"Config: shard_api_version = None (default)"},"filename":"D:\\a\\xet-core\\xet-core\\xet_runtime\\src\\utils\\configuration_utils.rs","line_number":54}
{"timestamp":"2026-10-04T21:24:11.192983Z","level":"INFO","fields":{"message":"Config: enable_multirange_fetching = false (default)"},"filename":"D:\\a\\xet-core\\xet-core\\xet_runtime\\src\\utils\\configuration_utils.rs","line_number":54}
{"timestamp":"2026-10-04T21:24:11.192987Z","level":"INFO","fields":{"message":"Config: dest = None (default)"},"filename":"D:\\a\\xet-core\\xet-core\\xet_runtime\\src\\utils\\configuration_utils.rs","line_number":54}
{"timestamp":"2026-10-04T21:24:11.192990Z","level":"INFO","fields":{"message":"Config: format = None (default)"},"filename":"D:\\a\\xet-core\\xet-core\\xet_runtime\\src\\utils\\configuration_utils.rs","line_number":54}
{"timestamp":"2026-10-04T21:24:11.192993Z","level":"INFO","fields":{"message":"Config: prefix = \"xet\" (default)"},"filename":"D:\\a\\xet-core\\xet-core\\xet_runtime\\src\\utils\\configuration_utils.rs","line_number":54}
{"timestamp":"2026-10-04T21:24:11.192997Z","level":"INFO","fields":{"message":"Config: dir_disable_cleanup = false (default)"},"filename":"D:\\a\\xet-core\\xet-core\\xet_runtime\\src\\utils\\configuration_utils.rs","line_number":54}
{"timestamp":"2026-10-04T21:24:11.193001Z","level":"INFO","fields":{"message":"Config: dir_max_size = 250MB (default)"},"filename":"D:\\a\\xet-core\\xet-core\\xet_runtime\\src\\utils\\configuration_utils.rs","line_number":54}
{"timestamp":"2026-10-04T21:24:11.193004Z","level":"INFO","fields":{"message":"Config: dir_min_deletion_age = 86400s (default)"},"filename":"D:\\a\\xet-core\\xet-core\\xet_runtime\\src\\utils\\configuration_utils.rs","line_number":54}
{"timestamp":"2026-10-04T21:24:11.193007Z","level":"INFO","fields":{"message":"Config: dir_max_retention_age = 1209600s (default)"},"filename":"D:\\a\\xet-core\\xet-core\\xet_runtime\\src\\utils\\configuration_utils.rs","line_number":54}
{"timestamp":"2026-10-04T21:24:11.193011Z","level":"INFO","fields":{"message":"Config: min_reconstruction_fetch_size = 256MB (default)"},"filename":"D:\\a\\xet-core\\xet-core\\xet_runtime\\src\\utils\\configuration_utils.rs","line_number":54}
{"timestamp":"2026-10-04T21:24:11.193014Z","level":"INFO","fields":{"message":"Config: max_reconstruction_fetch_size = 8GB (default)"},"filename":"D:\\a\\xet-core\\xet-core\\xet_runtime\\src\\utils\\configuration_utils.rs","line_number":54}
{"timestamp":"2026-10-04T21:24:11.193018Z","level":"INFO","fields":{"message":"Config: download_buffer_size = 2GB (default)"},"filename":"D:\\a\\xet-core\\xet-core\\xet_runtime\\src\\utils\\configuration_utils.rs","line_number":54}
{"timestamp":"2026-10-04T21:24:11.193022Z","level":"INFO","fields":{"message":"Config: download_buffer_perfile_size = 512MB (default)"},"filename":"D:\\a\\xet-core\\xet-core\\xet_runtime\\src\\utils\\configuration_utils.rs","line_number":54}
{"timestamp":"2026-10-04T21:24:11.193025Z","level":"INFO","fields":{"message":"Config: download_buffer_limit = 8GB (default)"},"filename":"D:\\a\\xet-core\\xet-core\\xet_runtime\\src\\utils\\configuration_utils.rs","line_number":54}
{"timestamp":"2026-10-04T21:24:11.193029Z","level":"INFO","fields":{"message":"Config: completion_rate_estimator_half_life = 4.0 (default)"},"filename":"D:\\a\\xet-core\\xet-core\\xet_runtime\\src\\utils\\configuration_utils.rs","line_number":54}
{"timestamp":"2026-10-04T21:24:11.193032Z","level":"INFO","fields":{"message":"Config: target_block_completion_time = 900s (default)"},"filename":"D:\\a\\xet-core\\xet-core\\xet_runtime\\src\\utils\\configuration_utils.rs","line_number":54}
{"timestamp":"2026-10-04T21:24:11.193035Z","level":"INFO","fields":{"message":"Config: min_prefetch_buffer = 1GB (default)"},"filename":"D:\\a\\xet-core\\xet-core\\xet_runtime\\src\\utils\\configuration_utils.rs","line_number":54}
{"timestamp":"2026-10-04T21:24:11.193039Z","level":"INFO","fields":{"message":"Config: use_vectored_write = true (default)"},"filename":"D:\\a\\xet-core\\xet-core\\xet_runtime\\src\\utils\\configuration_utils.rs","line_number":54}
{"timestamp":"2026-10-04T21:24:11.193043Z","level":"INFO","fields":{"message":"Config: compression_scheme_retest_interval = 32 (default)"},"filename":"D:\\a\\xet-core\\xet-core\\xet_runtime\\src\\utils\\configuration_utils.rs","line_number":54}
{"timestamp":"2026-10-04T21:24:11.193048Z","level":"INFO","fields":{"message":"Config: compression_policy = \"auto\" (default)"},"filename":"D:\\a\\xet-core\\xet-core\\xet_runtime\\src\\utils\\config_enum.rs","line_number":174}
{"timestamp":"2026-10-04T21:24:11.193051Z","level":"INFO","fields":{"message":"Config: simulation_max_bytes = None (default)"},"filename":"D:\\a\\xet-core\\xet-core\\xet_runtime\\src\\utils\\configuration_utils.rs","line_number":54}
{"timestamp":"2026-10-04T21:24:11.193055Z","level":"INFO","fields":{"message":"Config: simulation_max_chunks = None (default)"},"filename":"D:\\a\\xet-core\\xet-core\\xet_runtime\\src\\utils\\configuration_utils.rs","line_number":54}
{"timestamp":"2026-10-04T21:24:11.193065Z","level":"INFO","fields":{"message":"Config: dir_name = \"shard-session\" (default)"},"filename":"D:\\a\\xet-core\\xet-core\\xet_runtime\\src\\utils\\configuration_utils.rs","line_number":54}
{"timestamp":"2026-10-04T21:24:11.193069Z","level":"INFO","fields":{"message":"Config: enabled = false (default)"},"filename":"D:\\a\\xet-core\\xet-core\\xet_runtime\\src\\utils\\configuration_utils.rs","line_number":54}
{"timestamp":"2026-10-04T21:24:11.193073Z","level":"INFO","fields":{"message":"Config: sample_interval = 5s (default)"},"filename":"D:\\a\\xet-core\\xet-core\\xet_runtime\\src\\utils\\configuration_utils.rs","line_number":54}
{"timestamp":"2026-10-04T21:24:11.193076Z","level":"INFO","fields":{"message":"Config: log_path = None (default)"},"filename":"D:\\a\\xet-core\\xet-core\\xet_runtime\\src\\utils\\configuration_utils.rs","line_number":54}
{"timestamp":"2026-10-04T21:24:11.193221Z","level":"INFO","fields":{"message":"Using 12 async threads for tokio runtime"},"filename":"D:\\a\\xet-core\\xet-core\\xet_runtime\\src\\core\\runtime\\native.rs","line_number":63}
{"timestamp":"2026-10-04T21:24:11.194125Z","level":"INFO","fields":{"message":"Session created, session_id=01a108cd-8d3a-7fd1-a4d4-602af36c1c34"},"filename":"D:\\a\\xet-core\\xet-core\\xet_pkg\\src\\xet_session\\session.rs","line_number":192}
{"timestamp":"2026-10-04T21:24:11.197912Z","level":"INFO","fields":{"message":"CAS auth disabled","caller":"D:\\a\\xet-core\\xet-core\\xet_client\\src\\common\\http_client.rs:166"},"filename":"D:\\a\\xet-core\\xet-core\\xet_runtime\\src\\error_printer\\mod.rs","line_number":198}
{"timestamp":"2026-10-04T21:24:11.198311Z","level":"INFO","fields":{"message":"HTTP client configured","idle_timeout":"60s","max_idle_connections":16,"custom_headers":"Some({\"user-agent\": \"unknown/None; hf_hub/1.33.0; python/3.14.7\"})"},"filename":"D:\\a\\xet-core\\xet-core\\xet_client\\src\\common\\http_client.rs","line_number":187}
{"timestamp":"2026-10-04T21:24:11.199428Z","level":"INFO","fields":{"message":"TranslatorConfig initialized","endpoint":"https://cas-server.xethub.hf.co","session_id":"Some(\"01a108cd-8d3e-7be1-aaf8-9cfb8bb19b92\")","shard_cache":"C:\\Users\\ivanr\\MAI\\TRPO\\LABA\\bin\\models_cache\\xet\\https___cas_serv-tGqkUaZf_CBPHQ6h\\shard-cache","shard_session":"C:\\Users\\ivanr\\MAI\\TRPO\\LABA\\bin\\models_cache\\xet\\https___cas_serv-tGqkUaZf_CBPHQ6h\\staging\\shard-session"},"filename":"D:\\a\\xet-core\\xet-core\\xet_data\\src\\processing\\configurations.rs","line_number":127}
{"timestamp":"2026-10-04T21:24:11.199775Z","level":"INFO","fields":{"message":"HTTP client configured","idle_timeout":"60s","max_idle_connections":16,"custom_headers":"Some({\"user-agent\": \"unknown/None; hf_hub/1.33.0; python/3.14.7; hf_xet/1.6.0\"})"},"filename":"D:\\a\\xet-core\\xet-core\\xet_client\\src\\common\\http_client.rs","line_number":187}
{"timestamp":"2026-10-04T21:24:11.199800Z","level":"INFO","fields":{"message":"CAS auth disabled","caller":"D:\\a\\xet-core\\xet-core\\xet_client\\src\\common\\http_client.rs:166"},"filename":"D:\\a\\xet-core\\xet-core\\xet_runtime\\src\\error_printer\\mod.rs","line_number":198}
{"timestamp":"2026-10-04T21:24:11.199808Z","level":"INFO","fields":{"message":"HTTP client configured","idle_timeout":"60s","max_idle_connections":16,"custom_headers":"Some({\"user-agent\": \"unknown/None; hf_hub/1.33.0; python/3.14.7; hf_xet/1.6.0\"})"},"filename":"D:\\a\\xet-core\\xet-core\\xet_client\\src\\common\\http_client.rs","line_number":187}
{"timestamp":"2026-10-04T21:24:11.199947Z","level":"INFO","fields":{"message":"No-read-timeout HTTP client configured (for shard uploads)","connect_timeout":"60s"},"filename":"D:\\a\\xet-core\\xet-core\\xet_client\\src\\common\\http_client.rs","line_number":136}
{"timestamp":"2026-10-04T21:24:11.199984Z","level":"INFO","fields":{"message":"Initializing Adaptive Concurrency Controller for upload with starting concurrency = 2; min = 1, max = 64, min_bytes_for_adjustment = 20000000, min_completed_transmissions_for_adjustment = 1"},"filename":"D:\\a\\xet-core\\xet-core\\xet_client\\src\\cas_client\\adaptive_concurrency\\controller.rs","line_number":306}
{"timestamp":"2026-10-04T21:24:11.199993Z","level":"INFO","fields":{"message":"Initializing Adaptive Concurrency Controller for download with starting concurrency = 4; min = 1, max = 64, min_bytes_for_adjustment = 20000000, min_completed_transmissions_for_adjustment = 1"},"filename":"D:\\a\\xet-core\\xet-core\\xet_client\\src\\cas_client\\adaptive_concurrency\\controller.rs","line_number":306}
{"timestamp":"2026-10-04T21:24:11.200074Z","level":"INFO","fields":{"message":"New file download group, session_id=01a108cd-8d3a-7fd1-a4d4-602af36c1c34, group_id=1"},"filename":"D:\\a\\xet-core\\xet-core\\xet_pkg\\src\\xet_session\\file_download_group.rs","line_number":61}
{"timestamp":"2026-10-04T21:24:11.200196Z","level":"INFO","fields":{"message":"Download file to path","group_id":"1","dest_path":"\"C:\\\\Users\\\\ivanr\\\\MAI\\\\TRPO\\\\LABA\\\\bin\\\\models_cache\\\\hub\\\\models--TigreGotico--stressonnx-models\\\\blobs\\\\2cb6a174c4cdb45bd3132b4f7c8a3779fc4b6869863180ed7d0e421bcd453dbd.4f838f04.incomplete\"","hash":"2a6af0acee4ba260b0d86cc05c44aeec573ef8f09416d507a3755bbbf7415b53"},"filename":"D:\\a\\xet-core\\xet-core\\xet_pkg\\src\\xet_session\\file_download_group.rs","line_number":287}
{"timestamp":"2026-10-04T21:24:11.200416Z","level":"INFO","fields":{"message":"Reconstructing file to disk","file_hash":"2a6af0acee4ba260b0d86cc05c44aeec573ef8f09416d507a3755bbbf7415b53","byte_range":"None","path":"C:\\Users\\ivanr\\MAI\\TRPO\\LABA\\bin\\models_cache\\hub\\models--TigreGotico--stressonnx-models\\blobs\\2cb6a174c4cdb45bd3132b4f7c8a3779fc4b6869863180ed7d0e421bcd453dbd.4f838f04.incomplete","write_offset":"None"},"filename":"D:\\a\\xet-core\\xet-core\\xet_data\\src\\file_reconstruction\\file_reconstructor.rs","line_number":126}
{"timestamp":"2026-10-04T21:24:11.200739Z","level":"INFO","fields":{"message":"Download group finish","group_id":"1"},"filename":"D:\\a\\xet-core\\xet-core\\xet_pkg\\src\\xet_session\\file_download_group.rs","line_number":306}
{"timestamp":"2026-10-04T21:24:11.200980Z","level":"INFO","fields":{"message":"Scheduling prefetch block","file_hash":"2a6af0acee4ba260b0d86cc05c44aeec573ef8f09416d507a3755bbbf7415b53","prefetch_range":"(0, 256000000)","requested_block_size":256000000,"actual_block_size":256000000,"queue_depth":1},"filename":"D:\\a\\xet-core\\xet-core\\xet_data\\src\\file_reconstruction\\reconstruction_terms\\manager.rs","line_number":277}
{"timestamp":"2026-10-04T21:24:11.201020Z","level":"INFO","fields":{"message":"Scheduling prefetch block","file_hash":"2a6af0acee4ba260b0d86cc05c44aeec573ef8f09416d507a3755bbbf7415b53","prefetch_range":"(256000000, 768000000)","requested_block_size":512000000,"actual_block_size":512000000,"queue_depth":2},"filename":"D:\\a\\xet-core\\xet-core\\xet_data\\src\\file_reconstruction\\reconstruction_terms\\manager.rs","line_number":277}
{"timestamp":"2026-10-04T21:24:11.201051Z","level":"INFO","fields":{"message":"Scheduling prefetch block","file_hash":"2a6af0acee4ba260b0d86cc05c44aeec573ef8f09416d507a3755bbbf7415b53","prefetch_range":"(768000000, 1024000000)","requested_block_size":256000000,"actual_block_size":256000000,"queue_depth":3},"filename":"D:\\a\\xet-core\\xet-core\\xet_data\\src\\file_reconstruction\\reconstruction_terms\\manager.rs","line_number":277}
{"timestamp":"2026-10-04T21:24:11.201185Z","level":"INFO","fields":{"message":"Starting get_reconstruction API call","call_id":2,"file_id":"2a6af0acee4ba260b0d86cc05c44aeec573ef8f09416d507a3755bbbf7415b53","bytes_range":"Some(Range { start: 768000000, end: 1024000000 })","api_version":"v2"},"filename":"D:\\a\\xet-core\\xet-core\\xet_client\\src\\cas_client\\remote_client.rs","line_number":214}
{"timestamp":"2026-10-04T21:24:11.201199Z","level":"INFO","fields":{"message":"Starting get_reconstruction API call","call_id":1,"file_id":"2a6af0acee4ba260b0d86cc05c44aeec573ef8f09416d507a3755bbbf7415b53","bytes_range":"Some(Range { start: 0, end: 256000000 })","api_version":"v2"},"filename":"D:\\a\\xet-core\\xet-core\\xet_client\\src\\cas_client\\remote_client.rs","line_number":214}
{"timestamp":"2026-10-04T21:24:11.201220Z","level":"INFO","fields":{"message":"Starting get_reconstruction API call","call_id":3,"file_id":"2a6af0acee4ba260b0d86cc05c44aeec573ef8f09416d507a3755bbbf7415b53","bytes_range":"Some(Range { start: 256000000, end: 768000000 })","api_version":"v2"},"filename":"D:\\a\\xet-core\\xet-core\\xet_client\\src\\cas_client\\remote_client.rs","line_number":214}
{"timestamp":"2026-10-04T21:24:11.201220Z","level":"INFO","fields":{"message":"Retry strategy","retry":"RetryWrapper { max_attempts: 5, base_delay: 3s, max_duration: 360s, no_retry_on_429: false, retry_on_403: false, expected_416: true, expected_404: false, log_errors_as_info: false, api_tag: \"cas::get_reconstruction_v2\", has_connection_permit: false }"},"filename":"D:\\a\\xet-core\\xet-core\\xet_client\\src\\cas_client\\retry_wrapper.rs","line_number":274}
{"timestamp":"2026-10-04T21:24:11.201230Z","level":"INFO","fields":{"message":"Retry strategy","retry":"RetryWrapper { max_attempts: 5, base_delay: 3s, max_duration: 360s, no_retry_on_429: false, retry_on_403: false, expected_416: true, expected_404: false, log_errors_as_info: false, api_tag: \"cas::get_reconstruction_v2\", has_connection_permit: false }"},"filename":"D:\\a\\xet-core\\xet-core\\xet_client\\src\\cas_client\\retry_wrapper.rs","line_number":274}
{"timestamp":"2026-10-04T21:24:11.201244Z","level":"INFO","fields":{"message":"Retry strategy","retry":"RetryWrapper { max_attempts: 5, base_delay: 3s, max_duration: 360s, no_retry_on_429: false, retry_on_403: false, expected_416: true, expected_404: false, log_errors_as_info: false, api_tag: \"cas::get_reconstruction_v2\", has_connection_permit: false }"},"filename":"D:\\a\\xet-core\\xet-core\\xet_client\\src\\cas_client\\retry_wrapper.rs","line_number":274}
{"timestamp":"2026-10-04T21:24:12.021914Z","level":"INFO","fields":{"message":"Received CAS response","request_id":"01M44CV5AQDPFXJ72ZX1WN1MRD","status_code":416},"filename":"D:\\a\\xet-core\\xet-core\\xet_client\\src\\common\\http_client.rs","line_number":288}
{"timestamp":"2026-10-04T21:24:12.021975Z","level":"INFO","fields":{"message":"Reached end of reconstruction 416 (Range Not Satisfiable): \"cas::get_reconstruction_v2\" api call failed (request id 01M44CV5AQDPFXJ72ZX1WN1MRD): HTTP status client error (416 Range Not Satisfiable) for url (https://cas-server.xethub.hf.co/v2/reconstructions/2a6af0acee4ba260b0d86cc05c44aeec573ef8f09416d507a3755bbbf7415b53)"},"filename":"D:\\a\\xet-core\\xet-core\\xet_client\\src\\cas_client\\retry_wrapper.rs","line_number":189}
{"timestamp":"2026-10-04T21:24:12.282686Z","level":"INFO","fields":{"message":"Received CAS response","request_id":"01M44CV5AY2ZXESW0WJYB19RAJ","status_code":200},"filename":"D:\\a\\xet-core\\xet-core\\xet_client\\src\\common\\http_client.rs","line_number":288}
{"timestamp":"2026-10-04T21:24:12.282731Z","level":"INFO","fields":{"message":"Request Success: cas::get_reconstruction_v2 api call succeeded (request id 01M44CV5AY2ZXESW0WJYB19RAJ)."},"filename":"D:\\a\\xet-core\\xet-core\\xet_client\\src\\cas_client\\retry_wrapper.rs","line_number":237}
{"timestamp":"2026-10-04T21:24:12.282902Z","level":"INFO","fields":{"message":"Completed get_reconstruction API call","call_id":1,"file_id":"2a6af0acee4ba260b0d86cc05c44aeec573ef8f09416d507a3755bbbf7415b53","bytes_range":"Some(Range { start: 0, end: 256000000 })","api_version":"v2"},"filename":"D:\\a\\xet-core\\xet-core\\xet_client\\src\\cas_client\\remote_client.rs","line_number":238}
{"timestamp":"2026-10-04T21:24:12.283006Z","level":"INFO","fields":{"message":"Received block of file terms from prefetch queue","file_hash":"2a6af0acee4ba260b0d86cc05c44aeec573ef8f09416d507a3755bbbf7415b53","domain":"us.aws.cdn.hf.co","block_start":0,"block_end":256000000,"block_size":4},"filename":"D:\\a\\xet-core\\xet-core\\xet_data\\src\\file_reconstruction\\reconstruction_terms\\manager.rs","line_number":156}
{"timestamp":"2026-10-04T21:24:12.283087Z","level":"INFO","fields":{"message":"Updated completion rate estimate based on previous block completion time (seconds).","file_hash":"2a6af0acee4ba260b0d86cc05c44aeec573ef8f09416d507a3755bbbf7415b53","block_start":0,"block_end":256000000,"block_size":256000000,"completion_time":0.0000801},"filename":"D:\\a\\xet-core\\xet-core\\xet_data\\src\\file_reconstruction\\reconstruction_terms\\manager.rs","line_number":109}
{"timestamp":"2026-10-04T21:24:12.283185Z","level":"INFO","fields":{"message":"Retry strategy","retry":"RetryWrapper { max_attempts: 5, base_delay: 3s, max_duration: 360s, no_retry_on_429: false, retry_on_403: true, expected_416: false, expected_404: false, log_errors_as_info: false, api_tag: \"s3::get_range\", has_connection_permit: true }"},"filename":"D:\\a\\xet-core\\xet-core\\xet_client\\src\\cas_client\\retry_wrapper.rs","line_number":274}
{"timestamp":"2026-10-04T21:24:12.283199Z","level":"INFO","fields":{"message":"Retry strategy","retry":"RetryWrapper { max_attempts: 5, base_delay: 3s, max_duration: 360s, no_retry_on_429: false, retry_on_403: true, expected_416: false, expected_404: false, log_errors_as_info: false, api_tag: \"s3::get_range\", has_connection_permit: true }"},"filename":"D:\\a\\xet-core\\xet-core\\xet_client\\src\\cas_client\\retry_wrapper.rs","line_number":274}
{"timestamp":"2026-10-04T21:24:12.284021Z","level":"INFO","fields":{"message":"Retry strategy","retry":"RetryWrapper { max_attempts: 5, base_delay: 3s, max_duration: 360s, no_retry_on_429: false, retry_on_403: true, expected_416: false, expected_404: false, log_errors_as_info: false, api_tag: \"s3::get_range\", has_connection_permit: true }"},"filename":"D:\\a\\xet-core\\xet-core\\xet_client\\src\\cas_client\\retry_wrapper.rs","line_number":274}
{"timestamp":"2026-10-04T21:24:12.284399Z","level":"INFO","fields":{"message":"Retry strategy","retry":"RetryWrapper { max_attempts: 5, base_delay: 3s, max_duration: 360s, no_retry_on_429: false, retry_on_403: true, expected_416: false, expected_404: false, log_errors_as_info: false, api_tag: \"s3::get_range\", has_connection_permit: true }"},"filename":"D:\\a\\xet-core\\xet-core\\xet_client\\src\\cas_client\\retry_wrapper.rs","line_number":274}
{"timestamp":"2026-10-04T21:24:12.353302Z","level":"INFO","fields":{"message":"Received CAS response","request_id":"01M44CV5ATY632BR27V2RQN499","status_code":200},"filename":"D:\\a\\xet-core\\xet-core\\xet_client\\src\\common\\http_client.rs","line_number":288}
{"timestamp":"2026-10-04T21:24:12.353340Z","level":"INFO","fields":{"message":"Request Success: cas::get_reconstruction_v2 api call succeeded (request id 01M44CV5ATY632BR27V2RQN499)."},"filename":"D:\\a\\xet-core\\xet-core\\xet_client\\src\\cas_client\\retry_wrapper.rs","line_number":237}
{"timestamp":"2026-10-04T21:24:12.353383Z","level":"INFO","fields":{"message":"Completed get_reconstruction API call","call_id":3,"file_id":"2a6af0acee4ba260b0d86cc05c44aeec573ef8f09416d507a3755bbbf7415b53","bytes_range":"Some(Range { start: 256000000, end: 768000000 })","api_version":"v2"},"filename":"D:\\a\\xet-core\\xet-core\\xet_client\\src\\cas_client\\remote_client.rs","line_number":238}
{"timestamp":"2026-10-04T21:24:12.353440Z","level":"INFO","fields":{"message":"Received block of file terms from prefetch queue","file_hash":"2a6af0acee4ba260b0d86cc05c44aeec573ef8f09416d507a3755bbbf7415b53","domain":"us.aws.cdn.hf.co","block_start":256000000,"block_end":359306923,"block_size":3},"filename":"D:\\a\\xet-core\\xet-core\\xet_data\\src\\file_reconstruction\\reconstruction_terms\\manager.rs","line_number":156}
{"timestamp":"2026-10-04T21:24:12.353469Z","level":"INFO","fields":{"message":"Updated completion rate estimate based on previous block completion time (seconds).","file_hash":"2a6af0acee4ba260b0d86cc05c44aeec573ef8f09416d507a3755bbbf7415b53","block_start":256000000,"block_end":359306923,"block_size":103306923,"completion_time":0.0000271},"filename":"D:\\a\\xet-core\\xet-core\\xet_data\\src\\file_reconstruction\\reconstruction_terms\\manager.rs","line_number":109}
{"timestamp":"2026-10-04T21:24:12.353479Z","level":"INFO","fields":{"message":"Completed prefetch queue; end of file reached.","file_hash":"2a6af0acee4ba260b0d86cc05c44aeec573ef8f09416d507a3755bbbf7415b53","prefetched_byte_position":1024000000},"filename":"D:\\a\\xet-core\\xet-core\\xet_data\\src\\file_reconstruction\\reconstruction_terms\\manager.rs","line_number":183}
{"timestamp":"2026-10-04T21:24:12.353525Z","level":"INFO","fields":{"message":"All term blocks received and scheduled for writing","file_hash":"2a6af0acee4ba260b0d86cc05c44aeec573ef8f09416d507a3755bbbf7415b53","block_count":2,"total_terms_processed":7,"total_bytes_scheduled":359306923},"filename":"D:\\a\\xet-core\\xet-core\\xet_data\\src\\file_reconstruction\\run_state.rs","line_number":150}
{"timestamp":"2026-10-04T21:24:12.716932Z","level":"INFO","fields":{"message":"Received CAS response","request_id":"01M44CV5Z18K8TK61BCRZE9B36","status_code":206},"filename":"D:\\a\\xet-core\\xet-core\\xet_client\\src\\common\\http_client.rs","line_number":288}
{"timestamp":"2026-10-04T21:24:12.717003Z","level":"INFO","fields":{"message":"Request Success: s3::get_range api call succeeded (request id 01M44CV5Z18K8TK61BCRZE9B36)."},"filename":"D:\\a\\xet-core\\xet-core\\xet_client\\src\\cas_client\\retry_wrapper.rs","line_number":237}
{"timestamp":"2026-10-04T21:24:12.719905Z","level":"INFO","fields":{"message":"Received CAS response","request_id":"01M44CV5Z563D1SNN6RFK0N9MH","status_code":206},"filename":"D:\\a\\xet-core\\xet-core\\xet_client\\src\\common\\http_client.rs","line_number":288}
{"timestamp":"2026-10-04T21:24:12.719987Z","level":"INFO","fields":{"message":"Request Success: s3::get_range api call succeeded (request id 01M44CV5Z563D1SNN6RFK0N9MH)."},"filename":"D:\\a\\xet-core\\xet-core\\xet_client\\src\\cas_client\\retry_wrapper.rs","line_number":237}
{"timestamp":"2026-10-04T21:24:12.725559Z","level":"INFO","fields":{"message":"Received CAS response","request_id":"01M44CV5Z8KDXNCV462RCNJFX7","status_code":206},"filename":"D:\\a\\xet-core\\xet-core\\xet_client\\src\\common\\http_client.rs","line_number":288}
{"timestamp":"2026-10-04T21:24:12.725575Z","level":"INFO","fields":{"message":"Request Success: s3::get_range api call succeeded (request id 01M44CV5Z8KDXNCV462RCNJFX7)."},"filename":"D:\\a\\xet-core\\xet-core\\xet_client\\src\\cas_client\\retry_wrapper.rs","line_number":237}
{"timestamp":"2026-10-04T21:24:12.758016Z","level":"INFO","fields":{"message":"Received CAS response","request_id":"01M44CV5Z70YJK3N5330V9K1J5","status_code":206},"filename":"D:\\a\\xet-core\\xet-core\\xet_client\\src\\common\\http_client.rs","line_number":288}
{"timestamp":"2026-10-04T21:24:12.758047Z","level":"INFO","fields":{"message":"Request Success: s3::get_range api call succeeded (request id 01M44CV5Z70YJK3N5330V9K1J5)."},"filename":"D:\\a\\xet-core\\xet-core\\xet_client\\src\\cas_client\\retry_wrapper.rs","line_number":237}
{"timestamp":"2026-10-04T21:24:21.225185Z","level":"INFO","fields":{"message":"Concurrency control for download: Current concurrency = 4; predicted bandwidth = 2840832; success_ratio = 1.000; reference_size = 61.0MB; observed bytes sent so far = 42910853; completed transmissions = 0"},"filename":"D:\\a\\xet-core\\xet-core\\xet_client\\src\\cas_client\\adaptive_concurrency\\controller.rs","line_number":602}
{"timestamp":"2026-10-04T21:24:31.397560Z","level":"INFO","fields":{"message":"Concurrency control for download: Current concurrency = 4; predicted bandwidth = 1525225; success_ratio = 1.000; reference_size = 61.0MB; observed bytes sent so far = 85742761; completed transmissions = 0"},"filename":"D:\\a\\xet-core\\xet-core\\xet_client\\src\\cas_client\\adaptive_concurrency\\controller.rs","line_number":602}
{"timestamp":"2026-10-04T21:24:41.660350Z","level":"INFO","fields":{"message":"Concurrency control for download: Current concurrency = 4; predicted bandwidth = 813274; success_ratio = 1.000; reference_size = 61.0MB; observed bytes sent so far = 118372915; completed transmissions = 0"},"filename":"D:\\a\\xet-core\\xet-core\\xet_client\\src\\cas_client\\adaptive_concurrency\\controller.rs","line_number":602}
{"timestamp":"2026-10-04T21:24:51.668028Z","level":"INFO","fields":{"message":"Concurrency control for download: Current concurrency = 4; predicted bandwidth = 418085; success_ratio = 1.000; reference_size = 61.0MB; observed bytes sent so far = 150798543; completed transmissions = 0"},"filename":"D:\\a\\xet-core\\xet-core\\xet_client\\src\\cas_client\\adaptive_concurrency\\controller.rs","line_number":602}
{"timestamp":"2026-10-04T21:24:52.112561Z","level":"INFO","fields":{"message":"Concurrency control for download: Increased concurrency from 4 to 5; reason: success ratio 1.000 is above threshold 0.800 and predicted RTT for 61MB at new concurrency is 48.62s < target 60.0s"},"filename":"D:\\a\\xet-core\\xet-core\\xet_client\\src\\cas_client\\adaptive_concurrency\\controller.rs","line_number":548}
{"timestamp":"2026-10-04T21:24:52.112639Z","level":"INFO","fields":{"message":"Retry strategy","retry":"RetryWrapper { max_attempts: 5, base_delay: 3s, max_duration: 360s, no_retry_on_429: false, retry_on_403: true, expected_416: false, expected_404: false, log_errors_as_info: false, api_tag: \"s3::get_range\", has_connection_permit: true }"},"filename":"D:\\a\\xet-core\\xet-core\\xet_client\\src\\cas_client\\retry_wrapper.rs","line_number":274}
{"timestamp":"2026-10-04T21:24:52.112712Z","level":"INFO","fields":{"message":"Retry strategy","retry":"RetryWrapper { max_attempts: 5, base_delay: 3s, max_duration: 360s, no_retry_on_429: false, retry_on_403: true, expected_416: false, expected_404: false, log_errors_as_info: false, api_tag: \"s3::get_range\", has_connection_permit: true }"},"filename":"D:\\a\\xet-core\\xet-core\\xet_client\\src\\cas_client\\retry_wrapper.rs","line_number":274}
{"timestamp":"2026-10-04T21:24:52.283982Z","level":"INFO","fields":{"message":"Received CAS response","request_id":"01M44CWCKWBRZRAA2NQEWB86F1","status_code":206},"filename":"D:\\a\\xet-core\\xet-core\\xet_client\\src\\common\\http_client.rs","line_number":288}
{"timestamp":"2026-10-04T21:24:52.284016Z","level":"INFO","fields":{"message":"Request Success: s3::get_range api call succeeded (request id 01M44CWCKWBRZRAA2NQEWB86F1)."},"filename":"D:\\a\\xet-core\\xet-core\\xet_client\\src\\cas_client\\retry_wrapper.rs","line_number":237}
{"timestamp":"2026-10-04T21:24:52.566723Z","level":"INFO","fields":{"message":"Received CAS response","request_id":"01M44CWCWA5ZJXX1T2ZPMDQ8KP","status_code":206},"filename":"D:\\a\\xet-core\\xet-core\\xet_client\\src\\common\\http_client.rs","line_number":288}
{"timestamp":"2026-10-04T21:24:52.566753Z","level":"INFO","fields":{"message":"Request Success: s3::get_range api call succeeded (request id 01M44CWCWA5ZJXX1T2ZPMDQ8KP)."},"filename":"D:\\a\\xet-core\\xet-core\\xet_client\\src\\cas_client\\retry_wrapper.rs","line_number":237}
{"timestamp":"2026-10-04T21:24:52.947742Z","level":"INFO","fields":{"message":"Retry strategy","retry":"RetryWrapper { max_attempts: 5, base_delay: 3s, max_duration: 360s, no_retry_on_429: false, retry_on_403: true, expected_416: false, expected_404: false, log_errors_as_info: false, api_tag: \"s3::get_range\", has_connection_permit: true }"},"filename":"D:\\a\\xet-core\\xet-core\\xet_client\\src\\cas_client\\retry_wrapper.rs","line_number":274}
{"timestamp":"2026-10-04T21:24:53.075918Z","level":"INFO","fields":{"message":"Received CAS response","request_id":"01M44CWDCWWVSVEYEPAE9WCV5A","status_code":206},"filename":"D:\\a\\xet-core\\xet-core\\xet_client\\src\\common\\http_client.rs","line_number":288}
{"timestamp":"2026-10-04T21:24:53.075948Z","level":"INFO","fields":{"message":"Request Success: s3::get_range api call succeeded (request id 01M44CWDCWWVSVEYEPAE9WCV5A)."},"filename":"D:\\a\\xet-core\\xet-core\\xet_client\\src\\cas_client\\retry_wrapper.rs","line_number":237}
{"timestamp":"2026-10-04T21:25:01.708423Z","level":"INFO","fields":{"message":"Concurrency control for download: Current concurrency = 5; predicted bandwidth = 10485760000000; success_ratio = 1.000; reference_size = 61.0MB; observed bytes sent so far = 241193219; completed transmissions = 5"},"filename":"D:\\a\\xet-core\\xet-core\\xet_client\\src\\cas_client\\adaptive_concurrency\\controller.rs","line_number":602}
{"timestamp":"2026-10-04T21:25:11.711773Z","level":"INFO","fields":{"message":"Concurrency control for download: Current concurrency = 5; predicted bandwidth = 10485760000000; success_ratio = 1.000; reference_size = 61.0MB; observed bytes sent so far = 286013410; completed transmissions = 5"},"filename":"D:\\a\\xet-core\\xet-core\\xet_client\\src\\cas_client\\adaptive_concurrency\\controller.rs","line_number":602}
{"timestamp":"2026-10-04T21:25:15.023027Z","level":"INFO","fields":{"message":"Concurrency control for download: Increased concurrency from 5 to 6; reason: success ratio 1.000 is above threshold 0.800 and predicted RTT for 61MB at new concurrency is 46.74s < target 60.0s"},"filename":"D:\\a\\xet-core\\xet-core\\xet_client\\src\\cas_client\\adaptive_concurrency\\controller.rs","line_number":548}
{"timestamp":"2026-10-04T21:25:15.728287Z","level":"INFO","fields":{"message":"Concurrency control for download: Increased concurrency from 6 to 7; reason: success ratio 1.000 is above threshold 0.800 and predicted RTT for 61MB at new concurrency is 51.03s < target 60.0s"},"filename":"D:\\a\\xet-core\\xet-core\\xet_client\\src\\cas_client\\adaptive_concurrency\\controller.rs","line_number":548}
{"timestamp":"2026-10-04T21:25:16.347075Z","level":"INFO","fields":{"message":"Concurrency control for download: Increased concurrency from 7 to 8; reason: success ratio 1.000 is above threshold 0.800 and predicted RTT for 61MB at new concurrency is 54.69s < target 60.0s"},"filename":"D:\\a\\xet-core\\xet-core\\xet_client\\src\\cas_client\\adaptive_concurrency\\controller.rs","line_number":548}
{"timestamp":"2026-10-04T21:25:16.966825Z","level":"INFO","fields":{"message":"Concurrency control for download: Increased concurrency from 8 to 9; reason: success ratio 1.000 is above threshold 0.800 and predicted RTT for 61MB at new concurrency is 56.91s < target 60.0s"},"filename":"D:\\a\\xet-core\\xet-core\\xet_client\\src\\cas_client\\adaptive_concurrency\\controller.rs","line_number":548}
{"timestamp":"2026-10-04T21:25:17.574160Z","level":"INFO","fields":{"message":"Concurrency control for download: Increased concurrency from 9 to 10; reason: success ratio 1.000 is above threshold 0.800 and predicted RTT for 61MB at new concurrency is 58.00s < target 60.0s"},"filename":"D:\\a\\xet-core\\xet-core\\xet_client\\src\\cas_client\\adaptive_concurrency\\controller.rs","line_number":548}
{"timestamp":"2026-10-04T21:25:18.191348Z","level":"INFO","fields":{"message":"Concurrency control for download: Increased concurrency from 10 to 11; reason: success ratio 1.000 is above threshold 0.800 and predicted RTT for 61MB at new concurrency is 59.07s < target 60.0s"},"filename":"D:\\a\\xet-core\\xet-core\\xet_client\\src\\cas_client\\adaptive_concurrency\\controller.rs","line_number":548}
{"timestamp":"2026-10-04T21:25:19.036095Z","level":"INFO","fields":{"message":"Concurrency control for download: Increased concurrency from 11 to 12; reason: success ratio 1.000 is above threshold 0.800 and predicted RTT for 61MB at new concurrency is 59.65s < target 60.0s"},"filename":"D:\\a\\xet-core\\xet-core\\xet_client\\src\\cas_client\\adaptive_concurrency\\controller.rs","line_number":548}
{"timestamp":"2026-10-04T21:25:19.669261Z","level":"INFO","fields":{"message":"Concurrency control for download: Increased concurrency from 12 to 13; reason: success ratio 1.000 is above threshold 0.800 and predicted RTT for 61MB at new concurrency is 57.04s < target 60.0s"},"filename":"D:\\a\\xet-core\\xet-core\\xet_client\\src\\cas_client\\adaptive_concurrency\\controller.rs","line_number":548}
{"timestamp":"2026-10-04T21:25:21.359208Z","level":"INFO","fields":{"message":"Received CAS response","request_id":"01M44CX90TQH7907Q78M548P9R","status_code":206},"filename":"D:\\a\\xet-core\\xet-core\\xet_client\\src\\common\\http_client.rs","line_number":288}
{"timestamp":"2026-10-04T21:25:21.359250Z","level":"INFO","fields":{"message":"Request Success: s3::get_range api call succeeded (request id 01M44CX90TQH7907Q78M548P9R, retry 1)."},"filename":"D:\\a\\xet-core\\xet-core\\xet_client\\src\\cas_client\\retry_wrapper.rs","line_number":237}
{"timestamp":"2026-10-04T21:25:29.457218Z","level":"INFO","fields":{"message":"Concurrency control for download: Increased concurrency from 13 to 14; reason: success ratio 1.000 is above threshold 0.800 and predicted RTT for 61MB at new concurrency is 58.07s < target 60.0s"},"filename":"D:\\a\\xet-core\\xet-core\\xet_client\\src\\cas_client\\adaptive_concurrency\\controller.rs","line_number":548}
{"timestamp":"2026-10-04T21:25:29.457261Z","level":"INFO","fields":{"message":"Concurrency control for download: Current concurrency = 14; predicted bandwidth = 553295; success_ratio = 1.000; reference_size = 61.0MB; observed bytes sent so far = 323571421; completed transmissions = 7"},"filename":"D:\\a\\xet-core\\xet-core\\xet_client\\src\\cas_client\\adaptive_concurrency\\controller.rs","line_number":602}
{"timestamp":"2026-10-04T21:25:32.558347Z","level":"INFO","fields":{"message":"File reconstruction completed successfully","file_hash":"2a6af0acee4ba260b0d86cc05c44aeec573ef8f09416d507a3755bbbf7415b53","block_count":2,"total_terms_processed":7,"total_bytes_scheduled":359306923},"filename":"D:\\a\\xet-core\\xet-core\\xet_data\\src\\file_reconstruction\\run_state.rs","line_number":150}
{"timestamp":"2026-10-04T21:25:34.847873Z","level":"INFO","fields":{"message":"CAS auth disabled","caller":"D:\\a\\xet-core\\xet-core\\xet_client\\src\\common\\http_client.rs:166"},"filename":"D:\\a\\xet-core\\xet-core\\xet_runtime\\src\\error_printer\\mod.rs","line_number":198}
{"timestamp":"2026-10-04T21:25:34.848115Z","level":"INFO","fields":{"message":"HTTP client configured","idle_timeout":"60s","max_idle_connections":16,"custom_headers":"Some({\"user-agent\": \"unknown/None; hf_hub/1.33.0; python/3.14.7\"})"},"filename":"D:\\a\\xet-core\\xet-core\\xet_client\\src\\common\\http_client.rs","line_number":187}
{"timestamp":"2026-10-04T21:25:34.848596Z","level":"INFO","fields":{"message":"TranslatorConfig initialized","endpoint":"https://cas-server.xethub.hf.co","session_id":"Some(\"01a108ce-d400-79a1-99de-213f4b4f0e70\")","shard_cache":"C:\\Users\\ivanr\\MAI\\TRPO\\LABA\\bin\\models_cache\\xet\\https___cas_serv-tGqkUaZf_CBPHQ6h\\shard-cache","shard_session":"C:\\Users\\ivanr\\MAI\\TRPO\\LABA\\bin\\models_cache\\xet\\https___cas_serv-tGqkUaZf_CBPHQ6h\\staging\\shard-session"},"filename":"D:\\a\\xet-core\\xet-core\\xet_data\\src\\processing\\configurations.rs","line_number":127}
{"timestamp":"2026-10-04T21:25:34.848712Z","level":"INFO","fields":{"message":"HTTP client configured","idle_timeout":"60s","max_idle_connections":16,"custom_headers":"Some({\"user-agent\": \"unknown/None; hf_hub/1.33.0; python/3.14.7; hf_xet/1.6.0\"})"},"filename":"D:\\a\\xet-core\\xet-core\\xet_client\\src\\common\\http_client.rs","line_number":187}
{"timestamp":"2026-10-04T21:25:34.848723Z","level":"INFO","fields":{"message":"CAS auth disabled","caller":"D:\\a\\xet-core\\xet-core\\xet_client\\src\\common\\http_client.rs:166"},"filename":"D:\\a\\xet-core\\xet-core\\xet_runtime\\src\\error_printer\\mod.rs","line_number":198}
{"timestamp":"2026-10-04T21:25:34.848731Z","level":"INFO","fields":{"message":"HTTP client configured","idle_timeout":"60s","max_idle_connections":16,"custom_headers":"Some({\"user-agent\": \"unknown/None; hf_hub/1.33.0; python/3.14.7; hf_xet/1.6.0\"})"},"filename":"D:\\a\\xet-core\\xet-core\\xet_client\\src\\common\\http_client.rs","line_number":187}
{"timestamp":"2026-10-04T21:25:34.848815Z","level":"INFO","fields":{"message":"No-read-timeout HTTP client configured (for shard uploads)","connect_timeout":"60s"},"filename":"D:\\a\\xet-core\\xet-core\\xet_client\\src\\common\\http_client.rs","line_number":136}
{"timestamp":"2026-10-04T21:25:34.848892Z","level":"INFO","fields":{"message":"New file download group, session_id=01a108cd-8d3a-7fd1-a4d4-602af36c1c34, group_id=5"},"filename":"D:\\a\\xet-core\\xet-core\\xet_pkg\\src\\xet_session\\file_download_group.rs","line_number":61}
{"timestamp":"2026-10-04T21:25:34.849084Z","level":"INFO","fields":{"message":"Download file to path","group_id":"5","dest_path":"\"C:\\\\Users\\\\ivanr\\\\MAI\\\\TRPO\\\\LABA\\\\bin\\\\models_cache\\\\hub\\\\models--TigreGotico--stressonnx-models\\\\blobs\\\\4e393144e45626f6f1062a0784ef06f921b97321a8e7b87ac2a09a892286500a.0a2cb6b8.incomplete\"","hash":"468d66e4fd261e49664274c70eb3ed2c61e27383a657ad36dbc101f91aa52ae8"},"filename":"D:\\a\\xet-core\\xet-core\\xet_pkg\\src\\xet_session\\file_download_group.rs","line_number":287}
{"timestamp":"2026-10-04T21:25:34.849185Z","level":"INFO","fields":{"message":"Reconstructing file to disk","file_hash":"468d66e4fd261e49664274c70eb3ed2c61e27383a657ad36dbc101f91aa52ae8","byte_range":"None","path":"C:\\Users\\ivanr\\MAI\\TRPO\\LABA\\bin\\models_cache\\hub\\models--TigreGotico--stressonnx-models\\blobs\\4e393144e45626f6f1062a0784ef06f921b97321a8e7b87ac2a09a892286500a.0a2cb6b8.incomplete","write_offset":"None"},"filename":"D:\\a\\xet-core\\xet-core\\xet_data\\src\\file_reconstruction\\file_reconstructor.rs","line_number":126}
{"timestamp":"2026-10-04T21:25:34.849919Z","level":"INFO","fields":{"message":"Download group finish","group_id":"5"},"filename":"D:\\a\\xet-core\\xet-core\\xet_pkg\\src\\xet_session\\file_download_group.rs","line_number":306}
{"timestamp":"2026-10-04T21:25:34.850091Z","level":"INFO","fields":{"message":"Scheduling prefetch block","file_hash":"468d66e4fd261e49664274c70eb3ed2c61e27383a657ad36dbc101f91aa52ae8","prefetch_range":"(0, 256000000)","requested_block_size":256000000,"actual_block_size":256000000,"queue_depth":1},"filename":"D:\\a\\xet-core\\xet-core\\xet_data\\src\\file_reconstruction\\reconstruction_terms\\manager.rs","line_number":277}
{"timestamp":"2026-10-04T21:25:34.850108Z","level":"INFO","fields":{"message":"Scheduling prefetch block","file_hash":"468d66e4fd261e49664274c70eb3ed2c61e27383a657ad36dbc101f91aa52ae8","prefetch_range":"(256000000, 768000000)","requested_block_size":512000000,"actual_block_size":512000000,"queue_depth":2},"filename":"D:\\a\\xet-core\\xet-core\\xet_data\\src\\file_reconstruction\\reconstruction_terms\\manager.rs","line_number":277}
{"timestamp":"2026-10-04T21:25:34.850121Z","level":"INFO","fields":{"message":"Scheduling prefetch block","file_hash":"468d66e4fd261e49664274c70eb3ed2c61e27383a657ad36dbc101f91aa52ae8","prefetch_range":"(768000000, 1024000000)","requested_block_size":256000000,"actual_block_size":256000000,"queue_depth":3},"filename":"D:\\a\\xet-core\\xet-core\\xet_data\\src\\file_reconstruction\\reconstruction_terms\\manager.rs","line_number":277}
{"timestamp":"2026-10-04T21:25:34.850146Z","level":"INFO","fields":{"message":"Starting get_reconstruction API call","call_id":4,"file_id":"468d66e4fd261e49664274c70eb3ed2c61e27383a657ad36dbc101f91aa52ae8","bytes_range":"Some(Range { start: 768000000, end: 1024000000 })","api_version":"v2"},"filename":"D:\\a\\xet-core\\xet-core\\xet_client\\src\\cas_client\\remote_client.rs","line_number":214}
{"timestamp":"2026-10-04T21:25:34.850149Z","level":"INFO","fields":{"message":"Starting get_reconstruction API call","call_id":5,"file_id":"468d66e4fd261e49664274c70eb3ed2c61e27383a657ad36dbc101f91aa52ae8","bytes_range":"Some(Range { start: 0, end: 256000000 })","api_version":"v2"},"filename":"D:\\a\\xet-core\\xet-core\\xet_client\\src\\cas_client\\remote_client.rs","line_number":214}
{"timestamp":"2026-10-04T21:25:34.850156Z","level":"INFO","fields":{"message":"Retry strategy","retry":"RetryWrapper { max_attempts: 5, base_delay: 3s, max_duration: 360s, no_retry_on_429: false, retry_on_403: false, expected_416: true, expected_404: false, log_errors_as_info: false, api_tag: \"cas::get_reconstruction_v2\", has_connection_permit: false }"},"filename":"D:\\a\\xet-core\\xet-core\\xet_client\\src\\cas_client\\retry_wrapper.rs","line_number":274}
{"timestamp":"2026-10-04T21:25:34.850158Z","level":"INFO","fields":{"message":"Retry strategy","retry":"RetryWrapper { max_attempts: 5, base_delay: 3s, max_duration: 360s, no_retry_on_429: false, retry_on_403: false, expected_416: true, expected_404: false, log_errors_as_info: false, api_tag: \"cas::get_reconstruction_v2\", has_connection_permit: false }"},"filename":"D:\\a\\xet-core\\xet-core\\xet_client\\src\\cas_client\\retry_wrapper.rs","line_number":274}
{"timestamp":"2026-10-04T21:25:34.850185Z","level":"INFO","fields":{"message":"Starting get_reconstruction API call","call_id":6,"file_id":"468d66e4fd261e49664274c70eb3ed2c61e27383a657ad36dbc101f91aa52ae8","bytes_range":"Some(Range { start: 256000000, end: 768000000 })","api_version":"v2"},"filename":"D:\\a\\xet-core\\xet-core\\xet_client\\src\\cas_client\\remote_client.rs","line_number":214}
{"timestamp":"2026-10-04T21:25:34.850205Z","level":"INFO","fields":{"message":"Retry strategy","retry":"RetryWrapper { max_attempts: 5, base_delay: 3s, max_duration: 360s, no_retry_on_429: false, retry_on_403: false, expected_416: true, expected_404: false, log_errors_as_info: false, api_tag: \"cas::get_reconstruction_v2\", has_connection_permit: false }"},"filename":"D:\\a\\xet-core\\xet-core\\xet_client\\src\\cas_client\\retry_wrapper.rs","line_number":274}
{"timestamp":"2026-10-04T21:25:35.476184Z","level":"INFO","fields":{"message":"Received CAS response","request_id":"01M44CXPTY03200N3EWEKA1S5Z","status_code":416},"filename":"D:\\a\\xet-core\\xet-core\\xet_client\\src\\common\\http_client.rs","line_number":288}
{"timestamp":"2026-10-04T21:25:35.476260Z","level":"INFO","fields":{"message":"Reached end of reconstruction 416 (Range Not Satisfiable): \"cas::get_reconstruction_v2\" api call failed (request id 01M44CXPTY03200N3EWEKA1S5Z): HTTP status client error (416 Range Not Satisfiable) for url (https://cas-server.xethub.hf.co/v2/reconstructions/468d66e4fd261e49664274c70eb3ed2c61e27383a657ad36dbc101f91aa52ae8)"},"filename":"D:\\a\\xet-core\\xet-core\\xet_client\\src\\cas_client\\retry_wrapper.rs","line_number":189}
{"timestamp":"2026-10-04T21:25:35.497417Z","level":"INFO","fields":{"message":"Received CAS response","request_id":"01M44CXPVFXGKWJQ6EYGKKDNQ3","status_code":416},"filename":"D:\\a\\xet-core\\xet-core\\xet_client\\src\\common\\http_client.rs","line_number":288}
{"timestamp":"2026-10-04T21:25:35.497455Z","level":"INFO","fields":{"message":"Reached end of reconstruction 416 (Range Not Satisfiable): \"cas::get_reconstruction_v2\" api call failed (request id 01M44CXPVFXGKWJQ6EYGKKDNQ3): HTTP status client error (416 Range Not Satisfiable) for url (https://cas-server.xethub.hf.co/v2/reconstructions/468d66e4fd261e49664274c70eb3ed2c61e27383a657ad36dbc101f91aa52ae8)"},"filename":"D:\\a\\xet-core\\xet-core\\xet_client\\src\\cas_client\\retry_wrapper.rs","line_number":189}
{"timestamp":"2026-10-04T21:25:35.592467Z","level":"INFO","fields":{"message":"Received CAS response","request_id":"01M44CXPTZJTM76ZA96W91DP4H","status_code":200},"filename":"D:\\a\\xet-core\\xet-core\\xet_client\\src\\common\\http_client.rs","line_number":288}
{"timestamp":"2026-10-04T21:25:35.592512Z","level":"INFO","fields":{"message":"Request Success: cas::get_reconstruction_v2 api call succeeded (request id 01M44CXPTZJTM76ZA96W91DP4H)."},"filename":"D:\\a\\xet-core\\xet-core\\xet_client\\src\\cas_client\\retry_wrapper.rs","line_number":237}
{"timestamp":"2026-10-04T21:25:35.592560Z","level":"INFO","fields":{"message":"Completed get_reconstruction API call","call_id":5,"file_id":"468d66e4fd261e49664274c70eb3ed2c61e27383a657ad36dbc101f91aa52ae8","bytes_range":"Some(Range { start: 0, end: 256000000 })","api_version":"v2"},"filename":"D:\\a\\xet-core\\xet-core\\xet_client\\src\\cas_client\\remote_client.rs","line_number":238}
{"timestamp":"2026-10-04T21:25:35.592639Z","level":"INFO","fields":{"message":"Received block of file terms from prefetch queue","file_hash":"468d66e4fd261e49664274c70eb3ed2c61e27383a657ad36dbc101f91aa52ae8","domain":"us.aws.cdn.hf.co","block_start":0,"block_end":803402,"block_size":1},"filename":"D:\\a\\xet-core\\xet-core\\xet_data\\src\\file_reconstruction\\reconstruction_terms\\manager.rs","line_number":156}
{"timestamp":"2026-10-04T21:25:35.592701Z","level":"INFO","fields":{"message":"Updated completion rate estimate based on previous block completion time (seconds).","file_hash":"468d66e4fd261e49664274c70eb3ed2c61e27383a657ad36dbc101f91aa52ae8","block_start":0,"block_end":803402,"block_size":803402,"completion_time":0.0000598},"filename":"D:\\a\\xet-core\\xet-core\\xet_data\\src\\file_reconstruction\\reconstruction_terms\\manager.rs","line_number":109}
{"timestamp":"2026-10-04T21:25:35.592713Z","level":"INFO","fields":{"message":"Completed prefetch queue; end of file reached.","file_hash":"468d66e4fd261e49664274c70eb3ed2c61e27383a657ad36dbc101f91aa52ae8","prefetched_byte_position":1024000000},"filename":"D:\\a\\xet-core\\xet-core\\xet_data\\src\\file_reconstruction\\reconstruction_terms\\manager.rs","line_number":183}
{"timestamp":"2026-10-04T21:25:35.592720Z","level":"INFO","fields":{"message":"All term blocks received and scheduled for writing","file_hash":"468d66e4fd261e49664274c70eb3ed2c61e27383a657ad36dbc101f91aa52ae8","block_count":1,"total_terms_processed":1,"total_bytes_scheduled":803402},"filename":"D:\\a\\xet-core\\xet-core\\xet_data\\src\\file_reconstruction\\run_state.rs","line_number":150}
{"timestamp":"2026-10-04T21:25:35.592730Z","level":"INFO","fields":{"message":"Retry strategy","retry":"RetryWrapper { max_attempts: 5, base_delay: 3s, max_duration: 360s, no_retry_on_429: false, retry_on_403: true, expected_416: false, expected_404: false, log_errors_as_info: false, api_tag: \"s3::get_range\", has_connection_permit: true }"},"filename":"D:\\a\\xet-core\\xet-core\\xet_client\\src\\cas_client\\retry_wrapper.rs","line_number":274}
{"timestamp":"2026-10-04T21:25:35.997818Z","level":"INFO","fields":{"message":"Received CAS response","request_id":"01M44CXQA7MYXWQHJ8JKPV2P31","status_code":206},"filename":"D:\\a\\xet-core\\xet-core\\xet_client\\src\\common\\http_client.rs","line_number":288}
{"timestamp":"2026-10-04T21:25:35.997867Z","level":"INFO","fields":{"message":"Request Success: s3::get_range api call succeeded (request id 01M44CXQA7MYXWQHJ8JKPV2P31)."},"filename":"D:\\a\\xet-core\\xet-core\\xet_client\\src\\cas_client\\retry_wrapper.rs","line_number":237}
{"timestamp":"2026-10-04T21:25:36.291269Z","level":"INFO","fields":{"message":"File reconstruction completed successfully","file_hash":"468d66e4fd261e49664274c70eb3ed2c61e27383a657ad36dbc101f91aa52ae8","block_count":1,"total_terms_processed":1,"total_bytes_scheduled":803402},"filename":"D:\\a\\xet-core\\xet-core\\xet_data\\src\\file_reconstruction\\run_state.rs","line_number":150}
{"timestamp":"2026-10-04T21:25:38.031192Z","level":"INFO","fields":{"message":"CAS auth disabled","caller":"D:\\a\\xet-core\\xet-core\\xet_client\\src\\common\\http_client.rs:166"},"filename":"D:\\a\\xet-core\\xet-core\\xet_runtime\\src\\error_printer\\mod.rs","line_number":198}
{"timestamp":"2026-10-04T21:25:38.031423Z","level":"INFO","fields":{"message":"HTTP client configured","idle_timeout":"60s","max_idle_connections":16,"custom_headers":"Some({\"user-agent\": \"unknown/None; hf_hub/1.33.0; python/3.14.7\"})"},"filename":"D:\\a\\xet-core\\xet-core\\xet_client\\src\\common\\http_client.rs","line_number":187}
{"timestamp":"2026-10-04T21:25:38.031979Z","level":"INFO","fields":{"message":"TranslatorConfig initialized","endpoint":"https://cas-server.xethub.hf.co","session_id":"Some(\"01a108ce-e06f-7fc3-8f63-74e00cb9372b\")","shard_cache":"C:\\Users\\ivanr\\MAI\\TRPO\\LABA\\bin\\models_cache\\xet\\https___cas_serv-tGqkUaZf_CBPHQ6h\\shard-cache","shard_session":"C:\\Users\\ivanr\\MAI\\TRPO\\LABA\\bin\\models_cache\\xet\\https___cas_serv-tGqkUaZf_CBPHQ6h\\staging\\shard-session"},"filename":"D:\\a\\xet-core\\xet-core\\xet_data\\src\\processing\\configurations.rs","line_number":127}
{"timestamp":"2026-10-04T21:25:38.032084Z","level":"INFO","fields":{"message":"HTTP client configured","idle_timeout":"60s","max_idle_connections":16,"custom_headers":"Some({\"user-agent\": \"unknown/None; hf_hub/1.33.0; python/3.14.7; hf_xet/1.6.0\"})"},"filename":"D:\\a\\xet-core\\xet-core\\xet_client\\src\\common\\http_client.rs","line_number":187}
{"timestamp":"2026-10-04T21:25:38.032095Z","level":"INFO","fields":{"message":"CAS auth disabled","caller":"D:\\a\\xet-core\\xet-core\\xet_client\\src\\common\\http_client.rs:166"},"filename":"D:\\a\\xet-core\\xet-core\\xet_runtime\\src\\error_printer\\mod.rs","line_number":198}
{"timestamp":"2026-10-04T21:25:38.032101Z","level":"INFO","fields":{"message":"HTTP client configured","idle_timeout":"60s","max_idle_connections":16,"custom_headers":"Some({\"user-agent\": \"unknown/None; hf_hub/1.33.0; python/3.14.7; hf_xet/1.6.0\"})"},"filename":"D:\\a\\xet-core\\xet-core\\xet_client\\src\\common\\http_client.rs","line_number":187}
{"timestamp":"2026-10-04T21:25:38.032153Z","level":"INFO","fields":{"message":"No-read-timeout HTTP client configured (for shard uploads)","connect_timeout":"60s"},"filename":"D:\\a\\xet-core\\xet-core\\xet_client\\src\\common\\http_client.rs","line_number":136}
{"timestamp":"2026-10-04T21:25:38.032193Z","level":"INFO","fields":{"message":"New file download group, session_id=01a108cd-8d3a-7fd1-a4d4-602af36c1c34, group_id=8"},"filename":"D:\\a\\xet-core\\xet-core\\xet_pkg\\src\\xet_session\\file_download_group.rs","line_number":61}
{"timestamp":"2026-10-04T21:25:38.032320Z","level":"INFO","fields":{"message":"Download file to path","group_id":"8","dest_path":"\"C:\\\\Users\\\\ivanr\\\\MAI\\\\TRPO\\\\LABA\\\\bin\\\\models_cache\\\\hub\\\\models--TigreGotico--stressonnx-models\\\\blobs\\\\3d547500637b4ddfec8880ed6d1405fd50ee9d3f0131ef8a2a69dcf961dbefeb.4847f9ec.incomplete\"","hash":"07e8b9e69efa8dbc597174989ba50b30f4724e00d8f171257c1d3e10d8997841"},"filename":"D:\\a\\xet-core\\xet-core\\xet_pkg\\src\\xet_session\\file_download_group.rs","line_number":287}
{"timestamp":"2026-10-04T21:25:38.032399Z","level":"INFO","fields":{"message":"Reconstructing file to disk","file_hash":"07e8b9e69efa8dbc597174989ba50b30f4724e00d8f171257c1d3e10d8997841","byte_range":"None","path":"C:\\Users\\ivanr\\MAI\\TRPO\\LABA\\bin\\models_cache\\hub\\models--TigreGotico--stressonnx-models\\blobs\\3d547500637b4ddfec8880ed6d1405fd50ee9d3f0131ef8a2a69dcf961dbefeb.4847f9ec.incomplete","write_offset":"None"},"filename":"D:\\a\\xet-core\\xet-core\\xet_data\\src\\file_reconstruction\\file_reconstructor.rs","line_number":126}
{"timestamp":"2026-10-04T21:25:38.032685Z","level":"INFO","fields":{"message":"Download group finish","group_id":"8"},"filename":"D:\\a\\xet-core\\xet-core\\xet_pkg\\src\\xet_session\\file_download_group.rs","line_number":306}
{"timestamp":"2026-10-04T21:25:38.032863Z","level":"INFO","fields":{"message":"Scheduling prefetch block","file_hash":"07e8b9e69efa8dbc597174989ba50b30f4724e00d8f171257c1d3e10d8997841","prefetch_range":"(0, 256000000)","requested_block_size":256000000,"actual_block_size":256000000,"queue_depth":1},"filename":"D:\\a\\xet-core\\xet-core\\xet_data\\src\\file_reconstruction\\reconstruction_terms\\manager.rs","line_number":277}
{"timestamp":"2026-10-04T21:25:38.032882Z","level":"INFO","fields":{"message":"Scheduling prefetch block","file_hash":"07e8b9e69efa8dbc597174989ba50b30f4724e00d8f171257c1d3e10d8997841","prefetch_range":"(256000000, 768000000)","requested_block_size":512000000,"actual_block_size":512000000,"queue_depth":2},"filename":"D:\\a\\xet-core\\xet-core\\xet_data\\src\\file_reconstruction\\reconstruction_terms\\manager.rs","line_number":277}
{"timestamp":"2026-10-04T21:25:38.032894Z","level":"INFO","fields":{"message":"Scheduling prefetch block","file_hash":"07e8b9e69efa8dbc597174989ba50b30f4724e00d8f171257c1d3e10d8997841","prefetch_range":"(768000000, 1024000000)","requested_block_size":256000000,"actual_block_size":256000000,"queue_depth":3},"filename":"D:\\a\\xet-core\\xet-core\\xet_data\\src\\file_reconstruction\\reconstruction_terms\\manager.rs","line_number":277}
{"timestamp":"2026-10-04T21:25:38.032929Z","level":"INFO","fields":{"message":"Starting get_reconstruction API call","call_id":8,"file_id":"07e8b9e69efa8dbc597174989ba50b30f4724e00d8f171257c1d3e10d8997841","bytes_range":"Some(Range { start: 0, end: 256000000 })","api_version":"v2"},"filename":"D:\\a\\xet-core\\xet-core\\xet_client\\src\\cas_client\\remote_client.rs","line_number":214}
{"timestamp":"2026-10-04T21:25:38.032928Z","level":"INFO","fields":{"message":"Starting get_reconstruction API call","call_id":7,"file_id":"07e8b9e69efa8dbc597174989ba50b30f4724e00d8f171257c1d3e10d8997841","bytes_range":"Some(Range { start: 768000000, end: 1024000000 })","api_version":"v2"},"filename":"D:\\a\\xet-core\\xet-core\\xet_client\\src\\cas_client\\remote_client.rs","line_number":214}
{"timestamp":"2026-10-04T21:25:38.032943Z","level":"INFO","fields":{"message":"Retry strategy","retry":"RetryWrapper { max_attempts: 5, base_delay: 3s, max_duration: 360s, no_retry_on_429: false, retry_on_403: false, expected_416: true, expected_404: false, log_errors_as_info: false, api_tag: \"cas::get_reconstruction_v2\", has_connection_permit: false }"},"filename":"D:\\a\\xet-core\\xet-core\\xet_client\\src\\cas_client\\retry_wrapper.rs","line_number":274}
{"timestamp":"2026-10-04T21:25:38.032943Z","level":"INFO","fields":{"message":"Retry strategy","retry":"RetryWrapper { max_attempts: 5, base_delay: 3s, max_duration: 360s, no_retry_on_429: false, retry_on_403: false, expected_416: true, expected_404: false, log_errors_as_info: false, api_tag: \"cas::get_reconstruction_v2\", has_connection_permit: false }"},"filename":"D:\\a\\xet-core\\xet-core\\xet_client\\src\\cas_client\\retry_wrapper.rs","line_number":274}
{"timestamp":"2026-10-04T21:25:38.032948Z","level":"INFO","fields":{"message":"Starting get_reconstruction API call","call_id":9,"file_id":"07e8b9e69efa8dbc597174989ba50b30f4724e00d8f171257c1d3e10d8997841","bytes_range":"Some(Range { start: 256000000, end: 768000000 })","api_version":"v2"},"filename":"D:\\a\\xet-core\\xet-core\\xet_client\\src\\cas_client\\remote_client.rs","line_number":214}
{"timestamp":"2026-10-04T21:25:38.032964Z","level":"INFO","fields":{"message":"Retry strategy","retry":"RetryWrapper { max_attempts: 5, base_delay: 3s, max_duration: 360s, no_retry_on_429: false, retry_on_403: false, expected_416: true, expected_404: false, log_errors_as_info: false, api_tag: \"cas::get_reconstruction_v2\", has_connection_permit: false }"},"filename":"D:\\a\\xet-core\\xet-core\\xet_client\\src\\cas_client\\retry_wrapper.rs","line_number":274}
{"timestamp":"2026-10-04T21:25:38.676599Z","level":"INFO","fields":{"message":"Received CAS response","request_id":"01M44CXSYNVG0BPMAVS1JFZRTE","status_code":416},"filename":"D:\\a\\xet-core\\xet-core\\xet_client\\src\\common\\http_client.rs","line_number":288}
{"timestamp":"2026-10-04T21:25:38.676649Z","level":"INFO","fields":{"message":"Reached end of reconstruction 416 (Range Not Satisfiable): \"cas::get_reconstruction_v2\" api call failed (request id 01M44CXSYNVG0BPMAVS1JFZRTE): HTTP status client error (416 Range Not Satisfiable) for url (https://cas-server.xethub.hf.co/v2/reconstructions/07e8b9e69efa8dbc597174989ba50b30f4724e00d8f171257c1d3e10d8997841)"},"filename":"D:\\a\\xet-core\\xet-core\\xet_client\\src\\cas_client\\retry_wrapper.rs","line_number":189}
{"timestamp":"2026-10-04T21:25:38.701694Z","level":"INFO","fields":{"message":"Received CAS response","request_id":"01M44CXSZ92PPF7ZPP3W0WRMJ8","status_code":416},"filename":"D:\\a\\xet-core\\xet-core\\xet_client\\src\\common\\http_client.rs","line_number":288}
{"timestamp":"2026-10-04T21:25:38.701735Z","level":"INFO","fields":{"message":"Reached end of reconstruction 416 (Range Not Satisfiable): \"cas::get_reconstruction_v2\" api call failed (request id 01M44CXSZ92PPF7ZPP3W0WRMJ8): HTTP status client error (416 Range Not Satisfiable) for url (https://cas-server.xethub.hf.co/v2/reconstructions/07e8b9e69efa8dbc597174989ba50b30f4724e00d8f171257c1d3e10d8997841)"},"filename":"D:\\a\\xet-core\\xet-core\\xet_client\\src\\cas_client\\retry_wrapper.rs","line_number":189}
{"timestamp":"2026-10-04T21:25:38.937907Z","level":"INFO","fields":{"message":"Received CAS response","request_id":"01M44CXSYRCTV9ZF2FF562DKNW","status_code":200},"filename":"D:\\a\\xet-core\\xet-core\\xet_client\\src\\common\\http_client.rs","line_number":288}
{"timestamp":"2026-10-04T21:25:38.937944Z","level":"INFO","fields":{"message":"Request Success: cas::get_reconstruction_v2 api call succeeded (request id 01M44CXSYRCTV9ZF2FF562DKNW)."},"filename":"D:\\a\\xet-core\\xet-core\\xet_client\\src\\cas_client\\retry_wrapper.rs","line_number":237}
{"timestamp":"2026-10-04T21:25:38.937987Z","level":"INFO","fields":{"message":"Completed get_reconstruction API call","call_id":8,"file_id":"07e8b9e69efa8dbc597174989ba50b30f4724e00d8f171257c1d3e10d8997841","bytes_range":"Some(Range { start: 0, end: 256000000 })","api_version":"v2"},"filename":"D:\\a\\xet-core\\xet-core\\xet_client\\src\\cas_client\\remote_client.rs","line_number":238}
{"timestamp":"2026-10-04T21:25:38.938047Z","level":"INFO","fields":{"message":"Received block of file terms from prefetch queue","file_hash":"07e8b9e69efa8dbc597174989ba50b30f4724e00d8f171257c1d3e10d8997841","domain":"us.aws.cdn.hf.co","block_start":0,"block_end":116473561,"block_size":2},"filename":"D:\\a\\xet-core\\xet-core\\xet_data\\src\\file_reconstruction\\reconstruction_terms\\manager.rs","line_number":156}
{"timestamp":"2026-10-04T21:25:38.938082Z","level":"INFO","fields":{"message":"Updated completion rate estimate based on previous block completion time (seconds).","file_hash":"07e8b9e69efa8dbc597174989ba50b30f4724e00d8f171257c1d3e10d8997841","block_start":0,"block_end":116473561,"block_size":116473561,"completion_time":0.0000338},"filename":"D:\\a\\xet-core\\xet-core\\xet_data\\src\\file_reconstruction\\reconstruction_terms\\manager.rs","line_number":109}
{"timestamp":"2026-10-04T21:25:38.938092Z","level":"INFO","fields":{"message":"Completed prefetch queue; end of file reached.","file_hash":"07e8b9e69efa8dbc597174989ba50b30f4724e00d8f171257c1d3e10d8997841","prefetched_byte_position":1024000000},"filename":"D:\\a\\xet-core\\xet-core\\xet_data\\src\\file_reconstruction\\reconstruction_terms\\manager.rs","line_number":183}
{"timestamp":"2026-10-04T21:25:38.938099Z","level":"INFO","fields":{"message":"All term blocks received and scheduled for writing","file_hash":"07e8b9e69efa8dbc597174989ba50b30f4724e00d8f171257c1d3e10d8997841","block_count":1,"total_terms_processed":2,"total_bytes_scheduled":116473561},"filename":"D:\\a\\xet-core\\xet-core\\xet_data\\src\\file_reconstruction\\run_state.rs","line_number":150}
{"timestamp":"2026-10-04T21:25:38.938111Z","level":"INFO","fields":{"message":"Retry strategy","retry":"RetryWrapper { max_attempts: 5, base_delay: 3s, max_duration: 360s, no_retry_on_429: false, retry_on_403: true, expected_416: false, expected_404: false, log_errors_as_info: false, api_tag: \"s3::get_range\", has_connection_permit: true }"},"filename":"D:\\a\\xet-core\\xet-core\\xet_client\\src\\cas_client\\retry_wrapper.rs","line_number":274}
{"timestamp":"2026-10-04T21:25:38.938208Z","level":"INFO","fields":{"message":"Retry strategy","retry":"RetryWrapper { max_attempts: 5, base_delay: 3s, max_duration: 360s, no_retry_on_429: false, retry_on_403: true, expected_416: false, expected_404: false, log_errors_as_info: false, api_tag: \"s3::get_range\", has_connection_permit: true }"},"filename":"D:\\a\\xet-core\\xet-core\\xet_client\\src\\cas_client\\retry_wrapper.rs","line_number":274}
{"timestamp":"2026-10-04T21:25:39.330604Z","level":"INFO","fields":{"message":"Received CAS response","request_id":"01M44CXTJ3GH1KTCNR6H8TM5MD","status_code":206},"filename":"D:\\a\\xet-core\\xet-core\\xet_client\\src\\common\\http_client.rs","line_number":288}
{"timestamp":"2026-10-04T21:25:39.330640Z","level":"INFO","fields":{"message":"Request Success: s3::get_range api call succeeded (request id 01M44CXTJ3GH1KTCNR6H8TM5MD)."},"filename":"D:\\a\\xet-core\\xet-core\\xet_client\\src\\cas_client\\retry_wrapper.rs","line_number":237}
{"timestamp":"2026-10-04T21:25:39.366877Z","level":"INFO","fields":{"message":"Received CAS response","request_id":"01M44CXTJPN15MMQP5TYV3TNVZ","status_code":206},"filename":"D:\\a\\xet-core\\xet-core\\xet_client\\src\\common\\http_client.rs","line_number":288}
{"timestamp":"2026-10-04T21:25:39.366925Z","level":"INFO","fields":{"message":"Request Success: s3::get_range api call succeeded (request id 01M44CXTJPN15MMQP5TYV3TNVZ)."},"filename":"D:\\a\\xet-core\\xet-core\\xet_client\\src\\cas_client\\retry_wrapper.rs","line_number":237}
{"timestamp":"2026-10-04T21:25:39.539826Z","level":"INFO","fields":{"message":"Concurrency control for download: Current concurrency = 14; predicted bandwidth = 2457825; success_ratio = 1.000; reference_size = 61.0MB; observed bytes sent so far = 341535526; completed transmissions = 9"},"filename":"D:\\a\\xet-core\\xet-core\\xet_client\\src\\cas_client\\adaptive_concurrency\\controller.rs","line_number":602}
{"timestamp":"2026-10-04T21:25:49.618999Z","level":"INFO","fields":{"message":"Concurrency control for download: Current concurrency = 14; predicted bandwidth = 2488070; success_ratio = 1.000; reference_size = 61.0MB; observed bytes sent so far = 395644094; completed transmissions = 9"},"filename":"D:\\a\\xet-core\\xet-core\\xet_client\\src\\cas_client\\adaptive_concurrency\\controller.rs","line_number":602}
{"timestamp":"2026-10-04T21:25:59.712722Z","level":"INFO","fields":{"message":"Concurrency control for download: Current concurrency = 14; predicted bandwidth = 1789285; success_ratio = 1.000; reference_size = 61.0MB; observed bytes sent so far = 434226669; completed transmissions = 10"},"filename":"D:\\a\\xet-core\\xet-core\\xet_client\\src\\cas_client\\adaptive_concurrency\\controller.rs","line_number":602}
{"timestamp":"2026-10-04T21:26:03.463949Z","level":"INFO","fields":{"message":"File reconstruction completed successfully","file_hash":"07e8b9e69efa8dbc597174989ba50b30f4724e00d8f171257c1d3e10d8997841","block_count":1,"total_terms_processed":2,"total_bytes_scheduled":116473561},"filename":"D:\\a\\xet-core\\xet-core\\xet_data\\src\\file_reconstruction\\run_state.rs","line_number":150}
{"timestamp":"2026-10-04T21:26:06.331756Z","level":"INFO","fields":{"message":"CAS auth disabled","caller":"D:\\a\\xet-core\\xet-core\\xet_client\\src\\common\\http_client.rs:166"},"filename":"D:\\a\\xet-core\\xet-core\\xet_runtime\\src\\error_printer\\mod.rs","line_number":198}
{"timestamp":"2026-10-04T21:26:06.331984Z","level":"INFO","fields":{"message":"HTTP client configured","idle_timeout":"60s","max_idle_connections":16,"custom_headers":"Some({\"user-agent\": \"unknown/None; hf_hub/1.33.0; python/3.14.7\"})"},"filename":"D:\\a\\xet-core\\xet-core\\xet_client\\src\\common\\http_client.rs","line_number":187}
{"timestamp":"2026-10-04T21:26:06.332614Z","level":"INFO","fields":{"message":"TranslatorConfig initialized","endpoint":"https://cas-server.xethub.hf.co","session_id":"Some(\"01a108cf-4efc-7130-b4d5-63ca33305f99\")","shard_cache":"C:\\Users\\ivanr\\MAI\\TRPO\\LABA\\bin\\models_cache\\xet\\https___cas_serv-tGqkUaZf_CBPHQ6h\\shard-cache","shard_session":"C:\\Users\\ivanr\\MAI\\TRPO\\LABA\\bin\\models_cache\\xet\\https___cas_serv-tGqkUaZf_CBPHQ6h\\staging\\shard-session"},"filename":"D:\\a\\xet-core\\xet-core\\xet_data\\src\\processing\\configurations.rs","line_number":127}
{"timestamp":"2026-10-04T21:26:06.332711Z","level":"INFO","fields":{"message":"HTTP client configured","idle_timeout":"60s","max_idle_connections":16,"custom_headers":"Some({\"user-agent\": \"unknown/None; hf_hub/1.33.0; python/3.14.7; hf_xet/1.6.0\"})"},"filename":"D:\\a\\xet-core\\xet-core\\xet_client\\src\\common\\http_client.rs","line_number":187}
{"timestamp":"2026-10-04T21:26:06.332723Z","level":"INFO","fields":{"message":"CAS auth disabled","caller":"D:\\a\\xet-core\\xet-core\\xet_client\\src\\common\\http_client.rs:166"},"filename":"D:\\a\\xet-core\\xet-core\\xet_runtime\\src\\error_printer\\mod.rs","line_number":198}
{"timestamp":"2026-10-04T21:26:06.332728Z","level":"INFO","fields":{"message":"HTTP client configured","idle_timeout":"60s","max_idle_connections":16,"custom_headers":"Some({\"user-agent\": \"unknown/None; hf_hub/1.33.0; python/3.14.7; hf_xet/1.6.0\"})"},"filename":"D:\\a\\xet-core\\xet-core\\xet_client\\src\\common\\http_client.rs","line_number":187}
{"timestamp":"2026-10-04T21:26:06.332779Z","level":"INFO","fields":{"message":"No-read-timeout HTTP client configured (for shard uploads)","connect_timeout":"60s"},"filename":"D:\\a\\xet-core\\xet-core\\xet_client\\src\\common\\http_client.rs","line_number":136}
{"timestamp":"2026-10-04T21:26:06.332813Z","level":"INFO","fields":{"message":"New file download group, session_id=01a108cd-8d3a-7fd1-a4d4-602af36c1c34, group_id=11"},"filename":"D:\\a\\xet-core\\xet-core\\xet_pkg\\src\\xet_session\\file_download_group.rs","line_number":61}
{"timestamp":"2026-10-04T21:26:06.332938Z","level":"INFO","fields":{"message":"Download file to path","group_id":"11","dest_path":"\"C:\\\\Users\\\\ivanr\\\\MAI\\\\TRPO\\\\LABA\\\\bin\\\\models_cache\\\\hub\\\\models--TigreGotico--stressonnx-models\\\\blobs\\\\42cc85bf0c4b319dfe3d89fa17b162a92fd5e1c651a657cb3d5f44978d4e70ac.a09ca921.incomplete\"","hash":"14905acb691db415cd1429e865c07e109805d55669ad730149839101da320764"},"filename":"D:\\a\\xet-core\\xet-core\\xet_pkg\\src\\xet_session\\file_download_group.rs","line_number":287}
{"timestamp":"2026-10-04T21:26:06.333035Z","level":"INFO","fields":{"message":"Reconstructing file to disk","file_hash":"14905acb691db415cd1429e865c07e109805d55669ad730149839101da320764","byte_range":"None","path":"C:\\Users\\ivanr\\MAI\\TRPO\\LABA\\bin\\models_cache\\hub\\models--TigreGotico--stressonnx-models\\blobs\\42cc85bf0c4b319dfe3d89fa17b162a92fd5e1c651a657cb3d5f44978d4e70ac.a09ca921.incomplete","write_offset":"None"},"filename":"D:\\a\\xet-core\\xet-core\\xet_data\\src\\file_reconstruction\\file_reconstructor.rs","line_number":126}
{"timestamp":"2026-10-04T21:26:06.333319Z","level":"INFO","fields":{"message":"Download group finish","group_id":"11"},"filename":"D:\\a\\xet-core\\xet-core\\xet_pkg\\src\\xet_session\\file_download_group.rs","line_number":306}
{"timestamp":"2026-10-04T21:26:06.333537Z","level":"INFO","fields":{"message":"Scheduling prefetch block","file_hash":"14905acb691db415cd1429e865c07e109805d55669ad730149839101da320764","prefetch_range":"(0, 256000000)","requested_block_size":256000000,"actual_block_size":256000000,"queue_depth":1},"filename":"D:\\a\\xet-core\\xet-core\\xet_data\\src\\file_reconstruction\\reconstruction_terms\\manager.rs","line_number":277}
{"timestamp":"2026-10-04T21:26:06.333556Z","level":"INFO","fields":{"message":"Scheduling prefetch block","file_hash":"14905acb691db415cd1429e865c07e109805d55669ad730149839101da320764","prefetch_range":"(256000000, 768000000)","requested_block_size":512000000,"actual_block_size":512000000,"queue_depth":2},"filename":"D:\\a\\xet-core\\xet-core\\xet_data\\src\\file_reconstruction\\reconstruction_terms\\manager.rs","line_number":277}
{"timestamp":"2026-10-04T21:26:06.333571Z","level":"INFO","fields":{"message":"Scheduling prefetch block","file_hash":"14905acb691db415cd1429e865c07e109805d55669ad730149839101da320764","prefetch_range":"(768000000, 1024000000)","requested_block_size":256000000,"actual_block_size":256000000,"queue_depth":3},"filename":"D:\\a\\xet-core\\xet-core\\xet_data\\src\\file_reconstruction\\reconstruction_terms\\manager.rs","line_number":277}
{"timestamp":"2026-10-04T21:26:06.333600Z","level":"INFO","fields":{"message":"Starting get_reconstruction API call","call_id":10,"file_id":"14905acb691db415cd1429e865c07e109805d55669ad730149839101da320764","bytes_range":"Some(Range { start: 768000000, end: 1024000000 })","api_version":"v2"},"filename":"D:\\a\\xet-core\\xet-core\\xet_client\\src\\cas_client\\remote_client.rs","line_number":214}
{"timestamp":"2026-10-04T21:26:06.333610Z","level":"INFO","fields":{"message":"Retry strategy","retry":"RetryWrapper { max_attempts: 5, base_delay: 3s, max_duration: 360s, no_retry_on_429: false, retry_on_403: false, expected_416: true, expected_404: false, log_errors_as_info: false, api_tag: \"cas::get_reconstruction_v2\", has_connection_permit: false }"},"filename":"D:\\a\\xet-core\\xet-core\\xet_client\\src\\cas_client\\retry_wrapper.rs","line_number":274}
{"timestamp":"2026-10-04T21:26:06.333616Z","level":"INFO","fields":{"message":"Starting get_reconstruction API call","call_id":11,"file_id":"14905acb691db415cd1429e865c07e109805d55669ad730149839101da320764","bytes_range":"Some(Range { start: 0, end: 256000000 })","api_version":"v2"},"filename":"D:\\a\\xet-core\\xet-core\\xet_client\\src\\cas_client\\remote_client.rs","line_number":214}
{"timestamp":"2026-10-04T21:26:06.333631Z","level":"INFO","fields":{"message":"Starting get_reconstruction API call","call_id":12,"file_id":"14905acb691db415cd1429e865c07e109805d55669ad730149839101da320764","bytes_range":"Some(Range { start: 256000000, end: 768000000 })","api_version":"v2"},"filename":"D:\\a\\xet-core\\xet-core\\xet_client\\src\\cas_client\\remote_client.rs","line_number":214}
{"timestamp":"2026-10-04T21:26:06.333630Z","level":"INFO","fields":{"message":"Retry strategy","retry":"RetryWrapper { max_attempts: 5, base_delay: 3s, max_duration: 360s, no_retry_on_429: false, retry_on_403: false, expected_416: true, expected_404: false, log_errors_as_info: false, api_tag: \"cas::get_reconstruction_v2\", has_connection_permit: false }"},"filename":"D:\\a\\xet-core\\xet-core\\xet_client\\src\\cas_client\\retry_wrapper.rs","line_number":274}
{"timestamp":"2026-10-04T21:26:06.333641Z","level":"INFO","fields":{"message":"Retry strategy","retry":"RetryWrapper { max_attempts: 5, base_delay: 3s, max_duration: 360s, no_retry_on_429: false, retry_on_403: false, expected_416: true, expected_404: false, log_errors_as_info: false, api_tag: \"cas::get_reconstruction_v2\", has_connection_permit: false }"},"filename":"D:\\a\\xet-core\\xet-core\\xet_client\\src\\cas_client\\retry_wrapper.rs","line_number":274}
{"timestamp":"2026-10-04T21:26:06.993564Z","level":"INFO","fields":{"message":"Received CAS response","request_id":"01M44CYNKYBCRGR0BHDFMZV2GP","status_code":416},"filename":"D:\\a\\xet-core\\xet-core\\xet_client\\src\\common\\http_client.rs","line_number":288}
{"timestamp":"2026-10-04T21:26:06.993647Z","level":"INFO","fields":{"message":"Reached end of reconstruction 416 (Range Not Satisfiable): \"cas::get_reconstruction_v2\" api call failed (request id 01M44CYNKYBCRGR0BHDFMZV2GP): HTTP status client error (416 Range Not Satisfiable) for url (https://cas-server.xethub.hf.co/v2/reconstructions/14905acb691db415cd1429e865c07e109805d55669ad730149839101da320764)"},"filename":"D:\\a\\xet-core\\xet-core\\xet_client\\src\\cas_client\\retry_wrapper.rs","line_number":189}
{"timestamp":"2026-10-04T21:26:06.993979Z","level":"INFO","fields":{"message":"Received CAS response","request_id":"01M44CYNKZ3FA3S6J053W7YVC4","status_code":416},"filename":"D:\\a\\xet-core\\xet-core\\xet_client\\src\\common\\http_client.rs","line_number":288}
{"timestamp":"2026-10-04T21:26:06.993997Z","level":"INFO","fields":{"message":"Reached end of reconstruction 416 (Range Not Satisfiable): \"cas::get_reconstruction_v2\" api call failed (request id 01M44CYNKZ3FA3S6J053W7YVC4): HTTP status client error (416 Range Not Satisfiable) for url (https://cas-server.xethub.hf.co/v2/reconstructions/14905acb691db415cd1429e865c07e109805d55669ad730149839101da320764)"},"filename":"D:\\a\\xet-core\\xet-core\\xet_client\\src\\cas_client\\retry_wrapper.rs","line_number":189}
{"timestamp":"2026-10-04T21:26:07.113259Z","level":"INFO","fields":{"message":"Received CAS response","request_id":"01M44CYNKRKEAMNP82A6F8HFGN","status_code":200},"filename":"D:\\a\\xet-core\\xet-core\\xet_client\\src\\common\\http_client.rs","line_number":288}
{"timestamp":"2026-10-04T21:26:07.113294Z","level":"INFO","fields":{"message":"Request Success: cas::get_reconstruction_v2 api call succeeded (request id 01M44CYNKRKEAMNP82A6F8HFGN)."},"filename":"D:\\a\\xet-core\\xet-core\\xet_client\\src\\cas_client\\retry_wrapper.rs","line_number":237}
{"timestamp":"2026-10-04T21:26:07.113390Z","level":"INFO","fields":{"message":"Completed get_reconstruction API call","call_id":11,"file_id":"14905acb691db415cd1429e865c07e109805d55669ad730149839101da320764","bytes_range":"Some(Range { start: 0, end: 256000000 })","api_version":"v2"},"filename":"D:\\a\\xet-core\\xet-core\\xet_client\\src\\cas_client\\remote_client.rs","line_number":238}
{"timestamp":"2026-10-04T21:26:07.113453Z","level":"INFO","fields":{"message":"Received block of file terms from prefetch queue","file_hash":"14905acb691db415cd1429e865c07e109805d55669ad730149839101da320764","domain":"us.aws.cdn.hf.co","block_start":0,"block_end":14332169,"block_size":1},"filename":"D:\\a\\xet-core\\xet-core\\xet_data\\src\\file_reconstruction\\reconstruction_terms\\manager.rs","line_number":156}
{"timestamp":"2026-10-04T21:26:07.113486Z","level":"INFO","fields":{"message":"Updated completion rate estimate based on previous block completion time (seconds).","file_hash":"14905acb691db415cd1429e865c07e109805d55669ad730149839101da320764","block_start":0,"block_end":14332169,"block_size":14332169,"completion_time":0.0000318},"filename":"D:\\a\\xet-core\\xet-core\\xet_data\\src\\file_reconstruction\\reconstruction_terms\\manager.rs","line_number":109}
{"timestamp":"2026-10-04T21:26:07.113495Z","level":"INFO","fields":{"message":"Completed prefetch queue; end of file reached.","file_hash":"14905acb691db415cd1429e865c07e109805d55669ad730149839101da320764","prefetched_byte_position":1024000000},"filename":"D:\\a\\xet-core\\xet-core\\xet_data\\src\\file_reconstruction\\reconstruction_terms\\manager.rs","line_number":183}
{"timestamp":"2026-10-04T21:26:07.113502Z","level":"INFO","fields":{"message":"All term blocks received and scheduled for writing","file_hash":"14905acb691db415cd1429e865c07e109805d55669ad730149839101da320764","block_count":1,"total_terms_processed":1,"total_bytes_scheduled":14332169},"filename":"D:\\a\\xet-core\\xet-core\\xet_data\\src\\file_reconstruction\\run_state.rs","line_number":150}
{"timestamp":"2026-10-04T21:26:07.113515Z","level":"INFO","fields":{"message":"Retry strategy","retry":"RetryWrapper { max_attempts: 5, base_delay: 3s, max_duration: 360s, no_retry_on_429: false, retry_on_403: true, expected_416: false, expected_404: false, log_errors_as_info: false, api_tag: \"s3::get_range\", has_connection_permit: true }"},"filename":"D:\\a\\xet-core\\xet-core\\xet_client\\src\\cas_client\\retry_wrapper.rs","line_number":274}
{"timestamp":"2026-10-04T21:26:07.559859Z","level":"INFO","fields":{"message":"Received CAS response","request_id":"01M44CYP2SRBFXA76Q35PM3FEF","status_code":206},"filename":"D:\\a\\xet-core\\xet-core\\xet_client\\src\\common\\http_client.rs","line_number":288}
{"timestamp":"2026-10-04T21:26:07.559895Z","level":"INFO","fields":{"message":"Request Success: s3::get_range api call succeeded (request id 01M44CYP2SRBFXA76Q35PM3FEF)."},"filename":"D:\\a\\xet-core\\xet-core\\xet_client\\src\\cas_client\\retry_wrapper.rs","line_number":237}
{"timestamp":"2026-10-04T21:26:09.760913Z","level":"INFO","fields":{"message":"Concurrency control for download: Current concurrency = 14; predicted bandwidth = 1055141; success_ratio = 1.000; reference_size = 61.0MB; observed bytes sent so far = 459829851; completed transmissions = 11"},"filename":"D:\\a\\xet-core\\xet-core\\xet_client\\src\\cas_client\\adaptive_concurrency\\controller.rs","line_number":602}
{"timestamp":"2026-10-04T21:26:10.368470Z","level":"INFO","fields":{"message":"File reconstruction completed successfully","file_hash":"14905acb691db415cd1429e865c07e109805d55669ad730149839101da320764","block_count":1,"total_terms_processed":1,"total_bytes_scheduled":14332169},"filename":"D:\\a\\xet-core\\xet-core\\xet_data\\src\\file_reconstruction\\run_state.rs","line_number":150}
{"timestamp":"2026-10-04T21:26:12.084405Z","level":"INFO","fields":{"message":"CAS auth disabled","caller":"D:\\a\\xet-core\\xet-core\\xet_client\\src\\common\\http_client.rs:166"},"filename":"D:\\a\\xet-core\\xet-core\\xet_runtime\\src\\error_printer\\mod.rs","line_number":198}
{"timestamp":"2026-10-04T21:26:12.084828Z","level":"INFO","fields":{"message":"HTTP client configured","idle_timeout":"60s","max_idle_connections":16,"custom_headers":"Some({\"user-agent\": \"unknown/None; hf_hub/1.33.0; python/3.14.7\"})"},"filename":"D:\\a\\xet-core\\xet-core\\xet_client\\src\\common\\http_client.rs","line_number":187}
{"timestamp":"2026-10-04T21:26:12.085257Z","level":"INFO","fields":{"message":"TranslatorConfig initialized","endpoint":"https://cas-server.xethub.hf.co","session_id":"Some(\"01a108cf-6574-71c3-bb06-641e6afd4bfe\")","shard_cache":"C:\\Users\\ivanr\\MAI\\TRPO\\LABA\\bin\\models_cache\\xet\\https___cas_serv-tGqkUaZf_CBPHQ6h\\shard-cache","shard_session":"C:\\Users\\ivanr\\MAI\\TRPO\\LABA\\bin\\models_cache\\xet\\https___cas_serv-tGqkUaZf_CBPHQ6h\\staging\\shard-session"},"filename":"D:\\a\\xet-core\\xet-core\\xet_data\\src\\processing\\configurations.rs","line_number":127}
{"timestamp":"2026-10-04T21:26:12.085362Z","level":"INFO","fields":{"message":"HTTP client configured","idle_timeout":"60s","max_idle_connections":16,"custom_headers":"Some({\"user-agent\": \"unknown/None; hf_hub/1.33.0; python/3.14.7; hf_xet/1.6.0\"})"},"filename":"D:\\a\\xet-core\\xet-core\\xet_client\\src\\common\\http_client.rs","line_number":187}
{"timestamp":"2026-10-04T21:26:12.085372Z","level":"INFO","fields":{"message":"CAS auth disabled","caller":"D:\\a\\xet-core\\xet-core\\xet_client\\src\\common\\http_client.rs:166"},"filename":"D:\\a\\xet-core\\xet-core\\xet_runtime\\src\\error_printer\\mod.rs","line_number":198}
{"timestamp":"2026-10-04T21:26:12.085380Z","level":"INFO","fields":{"message":"HTTP client configured","idle_timeout":"60s","max_idle_connections":16,"custom_headers":"Some({\"user-agent\": \"unknown/None; hf_hub/1.33.0; python/3.14.7; hf_xet/1.6.0\"})"},"filename":"D:\\a\\xet-core\\xet-core\\xet_client\\src\\common\\http_client.rs","line_number":187}
{"timestamp":"2026-10-04T21:26:12.085471Z","level":"INFO","fields":{"message":"No-read-timeout HTTP client configured (for shard uploads)","connect_timeout":"60s"},"filename":"D:\\a\\xet-core\\xet-core\\xet_client\\src\\common\\http_client.rs","line_number":136}
{"timestamp":"2026-10-04T21:26:12.085559Z","level":"INFO","fields":{"message":"New file download group, session_id=01a108cd-8d3a-7fd1-a4d4-602af36c1c34, group_id=14"},"filename":"D:\\a\\xet-core\\xet-core\\xet_pkg\\src\\xet_session\\file_download_group.rs","line_number":61}
{"timestamp":"2026-10-04T21:26:12.085703Z","level":"INFO","fields":{"message":"Download file to path","group_id":"14","dest_path":"\"C:\\\\Users\\\\ivanr\\\\MAI\\\\TRPO\\\\LABA\\\\bin\\\\models_cache\\\\hub\\\\models--TigreGotico--stressonnx-models\\\\blobs\\\\04a9e81c68d65f65ba493fe0110f99e79087548c2beeec3032e2b66e28706f36.3f7ef37b.incomplete\"","hash":"4a4cf6a37628efee6de945dd39ed67dbc4ee5c1ae3f3fab958e9c7dae97395de"},"filename":"D:\\a\\xet-core\\xet-core\\xet_pkg\\src\\xet_session\\file_download_group.rs","line_number":287}
{"timestamp":"2026-10-04T21:26:12.085814Z","level":"INFO","fields":{"message":"Reconstructing file to disk","file_hash":"4a4cf6a37628efee6de945dd39ed67dbc4ee5c1ae3f3fab958e9c7dae97395de","byte_range":"None","path":"C:\\Users\\ivanr\\MAI\\TRPO\\LABA\\bin\\models_cache\\hub\\models--TigreGotico--stressonnx-models\\blobs\\04a9e81c68d65f65ba493fe0110f99e79087548c2beeec3032e2b66e28706f36.3f7ef37b.incomplete","write_offset":"None"},"filename":"D:\\a\\xet-core\\xet-core\\xet_data\\src\\file_reconstruction\\file_reconstructor.rs","line_number":126}
{"timestamp":"2026-10-04T21:26:12.086418Z","level":"INFO","fields":{"message":"Scheduling prefetch block","file_hash":"4a4cf6a37628efee6de945dd39ed67dbc4ee5c1ae3f3fab958e9c7dae97395de","prefetch_range":"(0, 256000000)","requested_block_size":256000000,"actual_block_size":256000000,"queue_depth":1},"filename":"D:\\a\\xet-core\\xet-core\\xet_data\\src\\file_reconstruction\\reconstruction_terms\\manager.rs","line_number":277}
{"timestamp":"2026-10-04T21:26:12.086439Z","level":"INFO","fields":{"message":"Scheduling prefetch block","file_hash":"4a4cf6a37628efee6de945dd39ed67dbc4ee5c1ae3f3fab958e9c7dae97395de","prefetch_range":"(256000000, 768000000)","requested_block_size":512000000,"actual_block_size":512000000,"queue_depth":2},"filename":"D:\\a\\xet-core\\xet-core\\xet_data\\src\\file_reconstruction\\reconstruction_terms\\manager.rs","line_number":277}
{"timestamp":"2026-10-04T21:26:12.086518Z","level":"INFO","fields":{"message":"Scheduling prefetch block","file_hash":"4a4cf6a37628efee6de945dd39ed67dbc4ee5c1ae3f3fab958e9c7dae97395de","prefetch_range":"(768000000, 1024000000)","requested_block_size":256000000,"actual_block_size":256000000,"queue_depth":3},"filename":"D:\\a\\xet-core\\xet-core\\xet_data\\src\\file_reconstruction\\reconstruction_terms\\manager.rs","line_number":277}
{"timestamp":"2026-10-04T21:26:12.086538Z","level":"INFO","fields":{"message":"Starting get_reconstruction API call","call_id":13,"file_id":"4a4cf6a37628efee6de945dd39ed67dbc4ee5c1ae3f3fab958e9c7dae97395de","bytes_range":"Some(Range { start: 0, end: 256000000 })","api_version":"v2"},"filename":"D:\\a\\xet-core\\xet-core\\xet_client\\src\\cas_client\\remote_client.rs","line_number":214}
{"timestamp":"2026-10-04T21:26:12.086559Z","level":"INFO","fields":{"message":"Retry strategy","retry":"RetryWrapper { max_attempts: 5, base_delay: 3s, max_duration: 360s, no_retry_on_429: false, retry_on_403: false, expected_416: true, expected_404: false, log_errors_as_info: false, api_tag: \"cas::get_reconstruction_v2\", has_connection_permit: false }"},"filename":"D:\\a\\xet-core\\xet-core\\xet_client\\src\\cas_client\\retry_wrapper.rs","line_number":274}
{"timestamp":"2026-10-04T21:26:12.086572Z","level":"INFO","fields":{"message":"Starting get_reconstruction API call","call_id":14,"file_id":"4a4cf6a37628efee6de945dd39ed67dbc4ee5c1ae3f3fab958e9c7dae97395de","bytes_range":"Some(Range { start: 768000000, end: 1024000000 })","api_version":"v2"},"filename":"D:\\a\\xet-core\\xet-core\\xet_client\\src\\cas_client\\remote_client.rs","line_number":214}
{"timestamp":"2026-10-04T21:26:12.086585Z","level":"INFO","fields":{"message":"Retry strategy","retry":"RetryWrapper { max_attempts: 5, base_delay: 3s, max_duration: 360s, no_retry_on_429: false, retry_on_403: false, expected_416: true, expected_404: false, log_errors_as_info: false, api_tag: \"cas::get_reconstruction_v2\", has_connection_permit: false }"},"filename":"D:\\a\\xet-core\\xet-core\\xet_client\\src\\cas_client\\retry_wrapper.rs","line_number":274}
{"timestamp":"2026-10-04T21:26:12.086620Z","level":"INFO","fields":{"message":"Starting get_reconstruction API call","call_id":15,"file_id":"4a4cf6a37628efee6de945dd39ed67dbc4ee5c1ae3f3fab958e9c7dae97395de","bytes_range":"Some(Range { start: 256000000, end: 768000000 })","api_version":"v2"},"filename":"D:\\a\\xet-core\\xet-core\\xet_client\\src\\cas_client\\remote_client.rs","line_number":214}
{"timestamp":"2026-10-04T21:26:12.086640Z","level":"INFO","fields":{"message":"Retry strategy","retry":"RetryWrapper { max_attempts: 5, base_delay: 3s, max_duration: 360s, no_retry_on_429: false, retry_on_403: false, expected_416: true, expected_404: false, log_errors_as_info: false, api_tag: \"cas::get_reconstruction_v2\", has_connection_permit: false }"},"filename":"D:\\a\\xet-core\\xet-core\\xet_client\\src\\cas_client\\retry_wrapper.rs","line_number":274}
{"timestamp":"2026-10-04T21:26:12.086843Z","level":"INFO","fields":{"message":"Download group finish","group_id":"14"},"filename":"D:\\a\\xet-core\\xet-core\\xet_pkg\\src\\xet_session\\file_download_group.rs","line_number":306}
{"timestamp":"2026-10-04T21:26:12.767339Z","level":"INFO","fields":{"message":"Received CAS response","request_id":"01M44CYV7ZFTGPND0K3K2WH3KY","status_code":416},"filename":"D:\\a\\xet-core\\xet-core\\xet_client\\src\\common\\http_client.rs","line_number":288}
{"timestamp":"2026-10-04T21:26:12.767379Z","level":"INFO","fields":{"message":"Reached end of reconstruction 416 (Range Not Satisfiable): \"cas::get_reconstruction_v2\" api call failed (request id 01M44CYV7ZFTGPND0K3K2WH3KY): HTTP status client error (416 Range Not Satisfiable) for url (https://cas-server.xethub.hf.co/v2/reconstructions/4a4cf6a37628efee6de945dd39ed67dbc4ee5c1ae3f3fab958e9c7dae97395de)"},"filename":"D:\\a\\xet-core\\xet-core\\xet_client\\src\\cas_client\\retry_wrapper.rs","line_number":189}
{"timestamp":"2026-10-04T21:26:12.769205Z","level":"INFO","fields":{"message":"Received CAS response","request_id":"01M44CYV87TFB6Q6MRZ7KGRT0K","status_code":416},"filename":"D:\\a\\xet-core\\xet-core\\xet_client\\src\\common\\http_client.rs","line_number":288}
{"timestamp":"2026-10-04T21:26:12.769222Z","level":"INFO","fields":{"message":"Reached end of reconstruction 416 (Range Not Satisfiable): \"cas::get_reconstruction_v2\" api call failed (request id 01M44CYV87TFB6Q6MRZ7KGRT0K): HTTP status client error (416 Range Not Satisfiable) for url (https://cas-server.xethub.hf.co/v2/reconstructions/4a4cf6a37628efee6de945dd39ed67dbc4ee5c1ae3f3fab958e9c7dae97395de)"},"filename":"D:\\a\\xet-core\\xet-core\\xet_client\\src\\cas_client\\retry_wrapper.rs","line_number":189}
{"timestamp":"2026-10-04T21:26:12.880325Z","level":"INFO","fields":{"message":"Received CAS response","request_id":"01M44CYV890C4NRX654M9T2RYR","status_code":200},"filename":"D:\\a\\xet-core\\xet-core\\xet_client\\src\\common\\http_client.rs","line_number":288}
{"timestamp":"2026-10-04T21:26:12.880360Z","level":"INFO","fields":{"message":"Request Success: cas::get_reconstruction_v2 api call succeeded (request id 01M44CYV890C4NRX654M9T2RYR)."},"filename":"D:\\a\\xet-core\\xet-core\\xet_client\\src\\cas_client\\retry_wrapper.rs","line_number":237}
{"timestamp":"2026-10-04T21:26:12.880393Z","level":"INFO","fields":{"message":"Completed get_reconstruction API call","call_id":13,"file_id":"4a4cf6a37628efee6de945dd39ed67dbc4ee5c1ae3f3fab958e9c7dae97395de","bytes_range":"Some(Range { start: 0, end: 256000000 })","api_version":"v2"},"filename":"D:\\a\\xet-core\\xet-core\\xet_client\\src\\cas_client\\remote_client.rs","line_number":238}
{"timestamp":"2026-10-04T21:26:12.880440Z","level":"INFO","fields":{"message":"Received block of file terms from prefetch queue","file_hash":"4a4cf6a37628efee6de945dd39ed67dbc4ee5c1ae3f3fab958e9c7dae97395de","domain":"us.aws.cdn.hf.co","block_start":0,"block_end":219047,"block_size":1},"filename":"D:\\a\\xet-core\\xet-core\\xet_data\\src\\file_reconstruction\\reconstruction_terms\\manager.rs","line_number":156}
{"timestamp":"2026-10-04T21:26:12.880470Z","level":"INFO","fields":{"message":"Updated completion rate estimate based on previous block completion time (seconds).","file_hash":"4a4cf6a37628efee6de945dd39ed67dbc4ee5c1ae3f3fab958e9c7dae97395de","block_start":0,"block_end":219047,"block_size":219047,"completion_time":0.0000281},"filename":"D:\\a\\xet-core\\xet-core\\xet_data\\src\\file_reconstruction\\reconstruction_terms\\manager.rs","line_number":109}
{"timestamp":"2026-10-04T21:26:12.880482Z","level":"INFO","fields":{"message":"Completed prefetch queue; end of file reached.","file_hash":"4a4cf6a37628efee6de945dd39ed67dbc4ee5c1ae3f3fab958e9c7dae97395de","prefetched_byte_position":1024000000},"filename":"D:\\a\\xet-core\\xet-core\\xet_data\\src\\file_reconstruction\\reconstruction_terms\\manager.rs","line_number":183}
{"timestamp":"2026-10-04T21:26:12.880492Z","level":"INFO","fields":{"message":"All term blocks received and scheduled for writing","file_hash":"4a4cf6a37628efee6de945dd39ed67dbc4ee5c1ae3f3fab958e9c7dae97395de","block_count":1,"total_terms_processed":1,"total_bytes_scheduled":219047},"filename":"D:\\a\\xet-core\\xet-core\\xet_data\\src\\file_reconstruction\\run_state.rs","line_number":150}
{"timestamp":"2026-10-04T21:26:12.880518Z","level":"INFO","fields":{"message":"Retry strategy","retry":"RetryWrapper { max_attempts: 5, base_delay: 3s, max_duration: 360s, no_retry_on_429: false, retry_on_403: true, expected_416: false, expected_404: false, log_errors_as_info: false, api_tag: \"s3::get_range\", has_connection_permit: true }"},"filename":"D:\\a\\xet-core\\xet-core\\xet_client\\src\\cas_client\\retry_wrapper.rs","line_number":274}
{"timestamp":"2026-10-04T21:26:13.259648Z","level":"INFO","fields":{"message":"Received CAS response","request_id":"01M44CYVPJSZKB9BTYPKHY209Y","status_code":206},"filename":"D:\\a\\xet-core\\xet-core\\xet_client\\src\\common\\http_client.rs","line_number":288}
{"timestamp":"2026-10-04T21:26:13.259700Z","level":"INFO","fields":{"message":"Request Success: s3::get_range api call succeeded (request id 01M44CYVPJSZKB9BTYPKHY209Y)."},"filename":"D:\\a\\xet-core\\xet-core\\xet_client\\src\\cas_client\\retry_wrapper.rs","line_number":237}
{"timestamp":"2026-10-04T21:26:13.452642Z","level":"INFO","fields":{"message":"File reconstruction completed successfully","file_hash":"4a4cf6a37628efee6de945dd39ed67dbc4ee5c1ae3f3fab958e9c7dae97395de","block_count":1,"total_terms_processed":1,"total_bytes_scheduled":219047},"filename":"D:\\a\\xet-core\\xet-core\\xet_data\\src\\file_reconstruction\\run_state.rs","line_number":150}
{"timestamp":"2026-10-04T21:26:13.933625Z","level":"INFO","fields":{"message":"CAS auth disabled","caller":"D:\\a\\xet-core\\xet-core\\xet_client\\src\\common\\http_client.rs:166"},"filename":"D:\\a\\xet-core\\xet-core\\xet_runtime\\src\\error_printer\\mod.rs","line_number":198}
{"timestamp":"2026-10-04T21:26:13.933888Z","level":"INFO","fields":{"message":"HTTP client configured","idle_timeout":"60s","max_idle_connections":16,"custom_headers":"Some({\"user-agent\": \"unknown/None; hf_hub/1.33.0; python/3.14.7\"})"},"filename":"D:\\a\\xet-core\\xet-core\\xet_client\\src\\common\\http_client.rs","line_number":187}
{"timestamp":"2026-10-04T21:26:13.934324Z","level":"INFO","fields":{"message":"TranslatorConfig initialized","endpoint":"https://cas-server.xethub.hf.co","session_id":"Some(\"01a108cf-6cad-7040-893a-19fb853ba4e4\")","shard_cache":"C:\\Users\\ivanr\\MAI\\TRPO\\LABA\\bin\\models_cache\\xet\\https___cas_serv-tGqkUaZf_CBPHQ6h\\shard-cache","shard_session":"C:\\Users\\ivanr\\MAI\\TRPO\\LABA\\bin\\models_cache\\xet\\https___cas_serv-tGqkUaZf_CBPHQ6h\\staging\\shard-session"},"filename":"D:\\a\\xet-core\\xet-core\\xet_data\\src\\processing\\configurations.rs","line_number":127}
{"timestamp":"2026-10-04T21:26:13.934441Z","level":"INFO","fields":{"message":"HTTP client configured","idle_timeout":"60s","max_idle_connections":16,"custom_headers":"Some({\"user-agent\": \"unknown/None; hf_hub/1.33.0; python/3.14.7; hf_xet/1.6.0\"})"},"filename":"D:\\a\\xet-core\\xet-core\\xet_client\\src\\common\\http_client.rs","line_number":187}
{"timestamp":"2026-10-04T21:26:13.934452Z","level":"INFO","fields":{"message":"CAS auth disabled","caller":"D:\\a\\xet-core\\xet-core\\xet_client\\src\\common\\http_client.rs:166"},"filename":"D:\\a\\xet-core\\xet-core\\xet_runtime\\src\\error_printer\\mod.rs","line_number":198}
{"timestamp":"2026-10-04T21:26:13.934460Z","level":"INFO","fields":{"message":"HTTP client configured","idle_timeout":"60s","max_idle_connections":16,"custom_headers":"Some({\"user-agent\": \"unknown/None; hf_hub/1.33.0; python/3.14.7; hf_xet/1.6.0\"})"},"filename":"D:\\a\\xet-core\\xet-core\\xet_client\\src\\common\\http_client.rs","line_number":187}
{"timestamp":"2026-10-04T21:26:13.934535Z","level":"INFO","fields":{"message":"No-read-timeout HTTP client configured (for shard uploads)","connect_timeout":"60s"},"filename":"D:\\a\\xet-core\\xet-core\\xet_client\\src\\common\\http_client.rs","line_number":136}
{"timestamp":"2026-10-04T21:26:13.934581Z","level":"INFO","fields":{"message":"New file download group, session_id=01a108cd-8d3a-7fd1-a4d4-602af36c1c34, group_id=17"},"filename":"D:\\a\\xet-core\\xet-core\\xet_pkg\\src\\xet_session\\file_download_group.rs","line_number":61}
{"timestamp":"2026-10-04T21:26:13.934748Z","level":"INFO","fields":{"message":"Download file to path","group_id":"17","dest_path":"\"C:\\\\Users\\\\ivanr\\\\MAI\\\\TRPO\\\\LABA\\\\bin\\\\models_cache\\\\hub\\\\models--TigreGotico--stressonnx-models\\\\blobs\\\\a19fa89a964a0691d9fe4ee384783e3934904891843d8f59a1c480d67947a82a.ee49ee36.incomplete\"","hash":"cfb4615f4dc8287017bcfe478fda87d8252239349628bb8e9ca45183c75e5222"},"filename":"D:\\a\\xet-core\\xet-core\\xet_pkg\\src\\xet_session\\file_download_group.rs","line_number":287}
{"timestamp":"2026-10-04T21:26:13.934835Z","level":"INFO","fields":{"message":"Reconstructing file to disk","file_hash":"cfb4615f4dc8287017bcfe478fda87d8252239349628bb8e9ca45183c75e5222","byte_range":"None","path":"C:\\Users\\ivanr\\MAI\\TRPO\\LABA\\bin\\models_cache\\hub\\models--TigreGotico--stressonnx-models\\blobs\\a19fa89a964a0691d9fe4ee384783e3934904891843d8f59a1c480d67947a82a.ee49ee36.incomplete","write_offset":"None"},"filename":"D:\\a\\xet-core\\xet-core\\xet_data\\src\\file_reconstruction\\file_reconstructor.rs","line_number":126}
{"timestamp":"2026-10-04T21:26:13.935383Z","level":"INFO","fields":{"message":"Scheduling prefetch block","file_hash":"cfb4615f4dc8287017bcfe478fda87d8252239349628bb8e9ca45183c75e5222","prefetch_range":"(0, 256000000)","requested_block_size":256000000,"actual_block_size":256000000,"queue_depth":1},"filename":"D:\\a\\xet-core\\xet-core\\xet_data\\src\\file_reconstruction\\reconstruction_terms\\manager.rs","line_number":277}
{"timestamp":"2026-10-04T21:26:13.935422Z","level":"INFO","fields":{"message":"Scheduling prefetch block","file_hash":"cfb4615f4dc8287017bcfe478fda87d8252239349628bb8e9ca45183c75e5222","prefetch_range":"(256000000, 768000000)","requested_block_size":512000000,"actual_block_size":512000000,"queue_depth":2},"filename":"D:\\a\\xet-core\\xet-core\\xet_data\\src\\file_reconstruction\\reconstruction_terms\\manager.rs","line_number":277}
{"timestamp":"2026-10-04T21:26:13.935440Z","level":"INFO","fields":{"message":"Scheduling prefetch block","file_hash":"cfb4615f4dc8287017bcfe478fda87d8252239349628bb8e9ca45183c75e5222","prefetch_range":"(768000000, 1024000000)","requested_block_size":256000000,"actual_block_size":256000000,"queue_depth":3},"filename":"D:\\a\\xet-core\\xet-core\\xet_data\\src\\file_reconstruction\\reconstruction_terms\\manager.rs","line_number":277}
{"timestamp":"2026-10-04T21:26:13.935445Z","level":"INFO","fields":{"message":"Download group finish","group_id":"17"},"filename":"D:\\a\\xet-core\\xet-core\\xet_pkg\\src\\xet_session\\file_download_group.rs","line_number":306}
{"timestamp":"2026-10-04T21:26:13.935471Z","level":"INFO","fields":{"message":"Starting get_reconstruction API call","call_id":17,"file_id":"cfb4615f4dc8287017bcfe478fda87d8252239349628bb8e9ca45183c75e5222","bytes_range":"Some(Range { start: 0, end: 256000000 })","api_version":"v2"},"filename":"D:\\a\\xet-core\\xet-core\\xet_client\\src\\cas_client\\remote_client.rs","line_number":214}
{"timestamp":"2026-10-04T21:26:13.935482Z","level":"INFO","fields":{"message":"Retry strategy","retry":"RetryWrapper { max_attempts: 5, base_delay: 3s, max_duration: 360s, no_retry_on_429: false, retry_on_403: false, expected_416: true, expected_404: false, log_errors_as_info: false, api_tag: \"cas::get_reconstruction_v2\", has_connection_permit: false }"},"filename":"D:\\a\\xet-core\\xet-core\\xet_client\\src\\cas_client\\retry_wrapper.rs","line_number":274}
{"timestamp":"2026-10-04T21:26:13.935470Z","level":"INFO","fields":{"message":"Starting get_reconstruction API call","call_id":16,"file_id":"cfb4615f4dc8287017bcfe478fda87d8252239349628bb8e9ca45183c75e5222","bytes_range":"Some(Range { start: 768000000, end: 1024000000 })","api_version":"v2"},"filename":"D:\\a\\xet-core\\xet-core\\xet_client\\src\\cas_client\\remote_client.rs","line_number":214}
{"timestamp":"2026-10-04T21:26:13.935491Z","level":"INFO","fields":{"message":"Retry strategy","retry":"RetryWrapper { max_attempts: 5, base_delay: 3s, max_duration: 360s, no_retry_on_429: false, retry_on_403: false, expected_416: true, expected_404: false, log_errors_as_info: false, api_tag: \"cas::get_reconstruction_v2\", has_connection_permit: false }"},"filename":"D:\\a\\xet-core\\xet-core\\xet_client\\src\\cas_client\\retry_wrapper.rs","line_number":274}
{"timestamp":"2026-10-04T21:26:13.935486Z","level":"INFO","fields":{"message":"Starting get_reconstruction API call","call_id":18,"file_id":"cfb4615f4dc8287017bcfe478fda87d8252239349628bb8e9ca45183c75e5222","bytes_range":"Some(Range { start: 256000000, end: 768000000 })","api_version":"v2"},"filename":"D:\\a\\xet-core\\xet-core\\xet_client\\src\\cas_client\\remote_client.rs","line_number":214}
{"timestamp":"2026-10-04T21:26:13.935500Z","level":"INFO","fields":{"message":"Retry strategy","retry":"RetryWrapper { max_attempts: 5, base_delay: 3s, max_duration: 360s, no_retry_on_429: false, retry_on_403: false, expected_416: true, expected_404: false, log_errors_as_info: false, api_tag: \"cas::get_reconstruction_v2\", has_connection_permit: false }"},"filename":"D:\\a\\xet-core\\xet-core\\xet_client\\src\\cas_client\\retry_wrapper.rs","line_number":274}
{"timestamp":"2026-10-04T21:26:14.530295Z","level":"INFO","fields":{"message":"Received CAS response","request_id":"01M44CYWZEPQZS6N4M11WX5GFH","status_code":416},"filename":"D:\\a\\xet-core\\xet-core\\xet_client\\src\\common\\http_client.rs","line_number":288}
{"timestamp":"2026-10-04T21:26:14.530340Z","level":"INFO","fields":{"message":"Reached end of reconstruction 416 (Range Not Satisfiable): \"cas::get_reconstruction_v2\" api call failed (request id 01M44CYWZEPQZS6N4M11WX5GFH): HTTP status client error (416 Range Not Satisfiable) for url (https://cas-server.xethub.hf.co/v2/reconstructions/cfb4615f4dc8287017bcfe478fda87d8252239349628bb8e9ca45183c75e5222)"},"filename":"D:\\a\\xet-core\\xet-core\\xet_client\\src\\cas_client\\retry_wrapper.rs","line_number":189}
{"timestamp":"2026-10-04T21:26:14.569955Z","level":"INFO","fields":{"message":"Received CAS response","request_id":"01M44CYX0HKCMYW3QGJQFBRGE0","status_code":416},"filename":"D:\\a\\xet-core\\xet-core\\xet_client\\src\\common\\http_client.rs","line_number":288}
{"timestamp":"2026-10-04T21:26:14.569999Z","level":"INFO","fields":{"message":"Reached end of reconstruction 416 (Range Not Satisfiable): \"cas::get_reconstruction_v2\" api call failed (request id 01M44CYX0HKCMYW3QGJQFBRGE0): HTTP status client error (416 Range Not Satisfiable) for url (https://cas-server.xethub.hf.co/v2/reconstructions/cfb4615f4dc8287017bcfe478fda87d8252239349628bb8e9ca45183c75e5222)"},"filename":"D:\\a\\xet-core\\xet-core\\xet_client\\src\\cas_client\\retry_wrapper.rs","line_number":189}
{"timestamp":"2026-10-04T21:26:14.656409Z","level":"INFO","fields":{"message":"Received CAS response","request_id":"01M44CYWZ840528Z5V185EFTYM","status_code":200},"filename":"D:\\a\\xet-core\\xet-core\\xet_client\\src\\common\\http_client.rs","line_number":288}
{"timestamp":"2026-10-04T21:26:14.656446Z","level":"INFO","fields":{"message":"Request Success: cas::get_reconstruction_v2 api call succeeded (request id 01M44CYWZ840528Z5V185EFTYM)."},"filename":"D:\\a\\xet-core\\xet-core\\xet_client\\src\\cas_client\\retry_wrapper.rs","line_number":237}
{"timestamp":"2026-10-04T21:26:14.656486Z","level":"INFO","fields":{"message":"Completed get_reconstruction API call","call_id":17,"file_id":"cfb4615f4dc8287017bcfe478fda87d8252239349628bb8e9ca45183c75e5222","bytes_range":"Some(Range { start: 0, end: 256000000 })","api_version":"v2"},"filename":"D:\\a\\xet-core\\xet-core\\xet_client\\src\\cas_client\\remote_client.rs","line_number":238}
{"timestamp":"2026-10-04T21:26:14.656549Z","level":"INFO","fields":{"message":"Received block of file terms from prefetch queue","file_hash":"cfb4615f4dc8287017bcfe478fda87d8252239349628bb8e9ca45183c75e5222","domain":"us.aws.cdn.hf.co","block_start":0,"block_end":548914,"block_size":1},"filename":"D:\\a\\xet-core\\xet-core\\xet_data\\src\\file_reconstruction\\reconstruction_terms\\manager.rs","line_number":156}
{"timestamp":"2026-10-04T21:26:14.656581Z","level":"INFO","fields":{"message":"Updated completion rate estimate based on previous block completion time (seconds).","file_hash":"cfb4615f4dc8287017bcfe478fda87d8252239349628bb8e9ca45183c75e5222","block_start":0,"block_end":548914,"block_size":548914,"completion_time":0.0000311},"filename":"D:\\a\\xet-core\\xet-core\\xet_data\\src\\file_reconstruction\\reconstruction_terms\\manager.rs","line_number":109}
{"timestamp":"2026-10-04T21:26:14.656591Z","level":"INFO","fields":{"message":"Completed prefetch queue; end of file reached.","file_hash":"cfb4615f4dc8287017bcfe478fda87d8252239349628bb8e9ca45183c75e5222","prefetched_byte_position":1024000000},"filename":"D:\\a\\xet-core\\xet-core\\xet_data\\src\\file_reconstruction\\reconstruction_terms\\manager.rs","line_number":183}
{"timestamp":"2026-10-04T21:26:14.656598Z","level":"INFO","fields":{"message":"All term blocks received and scheduled for writing","file_hash":"cfb4615f4dc8287017bcfe478fda87d8252239349628bb8e9ca45183c75e5222","block_count":1,"total_terms_processed":1,"total_bytes_scheduled":548914},"filename":"D:\\a\\xet-core\\xet-core\\xet_data\\src\\file_reconstruction\\run_state.rs","line_number":150}
{"timestamp":"2026-10-04T21:26:14.656631Z","level":"INFO","fields":{"message":"Retry strategy","retry":"RetryWrapper { max_attempts: 5, base_delay: 3s, max_duration: 360s, no_retry_on_429: false, retry_on_403: true, expected_416: false, expected_404: false, log_errors_as_info: false, api_tag: \"s3::get_range\", has_connection_permit: true }"},"filename":"D:\\a\\xet-core\\xet-core\\xet_client\\src\\cas_client\\retry_wrapper.rs","line_number":274}
{"timestamp":"2026-10-04T21:26:15.113301Z","level":"INFO","fields":{"message":"Received CAS response","request_id":"01M44CYXF1N571YRGY9XDQEW94","status_code":206},"filename":"D:\\a\\xet-core\\xet-core\\xet_client\\src\\common\\http_client.rs","line_number":288}
{"timestamp":"2026-10-04T21:26:15.113339Z","level":"INFO","fields":{"message":"Request Success: s3::get_range api call succeeded (request id 01M44CYXF1N571YRGY9XDQEW94)."},"filename":"D:\\a\\xet-core\\xet-core\\xet_client\\src\\cas_client\\retry_wrapper.rs","line_number":237}
{"timestamp":"2026-10-04T21:26:15.371577Z","level":"INFO","fields":{"message":"File reconstruction completed successfully","file_hash":"cfb4615f4dc8287017bcfe478fda87d8252239349628bb8e9ca45183c75e5222","block_count":1,"total_terms_processed":1,"total_bytes_scheduled":548914},"filename":"D:\\a\\xet-core\\xet-core\\xet_data\\src\\file_reconstruction\\run_state.rs","line_number":150}
{"timestamp":"2026-10-04T21:26:15.852870Z","level":"INFO","fields":{"message":"CAS auth disabled","caller":"D:\\a\\xet-core\\xet-core\\xet_client\\src\\common\\http_client.rs:166"},"filename":"D:\\a\\xet-core\\xet-core\\xet_runtime\\src\\error_printer\\mod.rs","line_number":198}
{"timestamp":"2026-10-04T21:26:15.853114Z","level":"INFO","fields":{"message":"HTTP client configured","idle_timeout":"60s","max_idle_connections":16,"custom_headers":"Some({\"user-agent\": \"unknown/None; hf_hub/1.33.0; python/3.14.7\"})"},"filename":"D:\\a\\xet-core\\xet-core\\xet_client\\src\\common\\http_client.rs","line_number":187}
{"timestamp":"2026-10-04T21:26:15.853554Z","level":"INFO","fields":{"message":"TranslatorConfig initialized","endpoint":"https://cas-server.xethub.hf.co","session_id":"Some(\"01a108cf-742d-7590-a9a4-83ec3e7f27c2\")","shard_cache":"C:\\Users\\ivanr\\MAI\\TRPO\\LABA\\bin\\models_cache\\xet\\https___cas_serv-tGqkUaZf_CBPHQ6h\\shard-cache","shard_session":"C:\\Users\\ivanr\\MAI\\TRPO\\LABA\\bin\\models_cache\\xet\\https___cas_serv-tGqkUaZf_CBPHQ6h\\staging\\shard-session"},"filename":"D:\\a\\xet-core\\xet-core\\xet_data\\src\\processing\\configurations.rs","line_number":127}
{"timestamp":"2026-10-04T21:26:15.853660Z","level":"INFO","fields":{"message":"HTTP client configured","idle_timeout":"60s","max_idle_connections":16,"custom_headers":"Some({\"user-agent\": \"unknown/None; hf_hub/1.33.0; python/3.14.7; hf_xet/1.6.0\"})"},"filename":"D:\\a\\xet-core\\xet-core\\xet_client\\src\\common\\http_client.rs","line_number":187}
{"timestamp":"2026-10-04T21:26:15.853669Z","level":"INFO","fields":{"message":"CAS auth disabled","caller":"D:\\a\\xet-core\\xet-core\\xet_client\\src\\common\\http_client.rs:166"},"filename":"D:\\a\\xet-core\\xet-core\\xet_runtime\\src\\error_printer\\mod.rs","line_number":198}
{"timestamp":"2026-10-04T21:26:15.853675Z","level":"INFO","fields":{"message":"HTTP client configured","idle_timeout":"60s","max_idle_connections":16,"custom_headers":"Some({\"user-agent\": \"unknown/None; hf_hub/1.33.0; python/3.14.7; hf_xet/1.6.0\"})"},"filename":"D:\\a\\xet-core\\xet-core\\xet_client\\src\\common\\http_client.rs","line_number":187}
{"timestamp":"2026-10-04T21:26:15.853965Z","level":"INFO","fields":{"message":"No-read-timeout HTTP client configured (for shard uploads)","connect_timeout":"60s"},"filename":"D:\\a\\xet-core\\xet-core\\xet_client\\src\\common\\http_client.rs","line_number":136}
{"timestamp":"2026-10-04T21:26:15.854011Z","level":"INFO","fields":{"message":"New file download group, session_id=01a108cd-8d3a-7fd1-a4d4-602af36c1c34, group_id=20"},"filename":"D:\\a\\xet-core\\xet-core\\xet_pkg\\src\\xet_session\\file_download_group.rs","line_number":61}
{"timestamp":"2026-10-04T21:26:15.854152Z","level":"INFO","fields":{"message":"Download file to path","group_id":"20","dest_path":"\"C:\\\\Users\\\\ivanr\\\\MAI\\\\TRPO\\\\LABA\\\\bin\\\\models_cache\\\\hub\\\\models--TigreGotico--stressonnx-models\\\\blobs\\\\c4ee777bbbab87f9eac838f370ad92974e079d02b21903e480c54b5f0c8c60d1.b5bc48fa.incomplete\"","hash":"259994f323766ab7a814224d60362b7901ec1a01f74347d3dd176f80da13c0ea"},"filename":"D:\\a\\xet-core\\xet-core\\xet_pkg\\src\\xet_session\\file_download_group.rs","line_number":287}
{"timestamp":"2026-10-04T21:26:15.854333Z","level":"INFO","fields":{"message":"Reconstructing file to disk","file_hash":"259994f323766ab7a814224d60362b7901ec1a01f74347d3dd176f80da13c0ea","byte_range":"None","path":"C:\\Users\\ivanr\\MAI\\TRPO\\LABA\\bin\\models_cache\\hub\\models--TigreGotico--stressonnx-models\\blobs\\c4ee777bbbab87f9eac838f370ad92974e079d02b21903e480c54b5f0c8c60d1.b5bc48fa.incomplete","write_offset":"None"},"filename":"D:\\a\\xet-core\\xet-core\\xet_data\\src\\file_reconstruction\\file_reconstructor.rs","line_number":126}
{"timestamp":"2026-10-04T21:26:15.854845Z","level":"INFO","fields":{"message":"Scheduling prefetch block","file_hash":"259994f323766ab7a814224d60362b7901ec1a01f74347d3dd176f80da13c0ea","prefetch_range":"(0, 256000000)","requested_block_size":256000000,"actual_block_size":256000000,"queue_depth":1},"filename":"D:\\a\\xet-core\\xet-core\\xet_data\\src\\file_reconstruction\\reconstruction_terms\\manager.rs","line_number":277}
{"timestamp":"2026-10-04T21:26:15.854869Z","level":"INFO","fields":{"message":"Scheduling prefetch block","file_hash":"259994f323766ab7a814224d60362b7901ec1a01f74347d3dd176f80da13c0ea","prefetch_range":"(256000000, 768000000)","requested_block_size":512000000,"actual_block_size":512000000,"queue_depth":2},"filename":"D:\\a\\xet-core\\xet-core\\xet_data\\src\\file_reconstruction\\reconstruction_terms\\manager.rs","line_number":277}
{"timestamp":"2026-10-04T21:26:15.854881Z","level":"INFO","fields":{"message":"Scheduling prefetch block","file_hash":"259994f323766ab7a814224d60362b7901ec1a01f74347d3dd176f80da13c0ea","prefetch_range":"(768000000, 1024000000)","requested_block_size":256000000,"actual_block_size":256000000,"queue_depth":3},"filename":"D:\\a\\xet-core\\xet-core\\xet_data\\src\\file_reconstruction\\reconstruction_terms\\manager.rs","line_number":277}
{"timestamp":"2026-10-04T21:26:15.854935Z","level":"INFO","fields":{"message":"Starting get_reconstruction API call","call_id":19,"file_id":"259994f323766ab7a814224d60362b7901ec1a01f74347d3dd176f80da13c0ea","bytes_range":"Some(Range { start: 768000000, end: 1024000000 })","api_version":"v2"},"filename":"D:\\a\\xet-core\\xet-core\\xet_client\\src\\cas_client\\remote_client.rs","line_number":214}
{"timestamp":"2026-10-04T21:26:15.854947Z","level":"INFO","fields":{"message":"Retry strategy","retry":"RetryWrapper { max_attempts: 5, base_delay: 3s, max_duration: 360s, no_retry_on_429: false, retry_on_403: false, expected_416: true, expected_404: false, log_errors_as_info: false, api_tag: \"cas::get_reconstruction_v2\", has_connection_permit: false }"},"filename":"D:\\a\\xet-core\\xet-core\\xet_client\\src\\cas_client\\retry_wrapper.rs","line_number":274}
{"timestamp":"2026-10-04T21:26:15.855021Z","level":"INFO","fields":{"message":"Starting get_reconstruction API call","call_id":20,"file_id":"259994f323766ab7a814224d60362b7901ec1a01f74347d3dd176f80da13c0ea","bytes_range":"Some(Range { start: 256000000, end: 768000000 })","api_version":"v2"},"filename":"D:\\a\\xet-core\\xet-core\\xet_client\\src\\cas_client\\remote_client.rs","line_number":214}
{"timestamp":"2026-10-04T21:26:15.855033Z","level":"INFO","fields":{"message":"Retry strategy","retry":"RetryWrapper { max_attempts: 5, base_delay: 3s, max_duration: 360s, no_retry_on_429: false, retry_on_403: false, expected_416: true, expected_404: false, log_errors_as_info: false, api_tag: \"cas::get_reconstruction_v2\", has_connection_permit: false }"},"filename":"D:\\a\\xet-core\\xet-core\\xet_client\\src\\cas_client\\retry_wrapper.rs","line_number":274}
{"timestamp":"2026-10-04T21:26:15.855150Z","level":"INFO","fields":{"message":"Starting get_reconstruction API call","call_id":21,"file_id":"259994f323766ab7a814224d60362b7901ec1a01f74347d3dd176f80da13c0ea","bytes_range":"Some(Range { start: 0, end: 256000000 })","api_version":"v2"},"filename":"D:\\a\\xet-core\\xet-core\\xet_client\\src\\cas_client\\remote_client.rs","line_number":214}
{"timestamp":"2026-10-04T21:26:15.855171Z","level":"INFO","fields":{"message":"Retry strategy","retry":"RetryWrapper { max_attempts: 5, base_delay: 3s, max_duration: 360s, no_retry_on_429: false, retry_on_403: false, expected_416: true, expected_404: false, log_errors_as_info: false, api_tag: \"cas::get_reconstruction_v2\", has_connection_permit: false }"},"filename":"D:\\a\\xet-core\\xet-core\\xet_client\\src\\cas_client\\retry_wrapper.rs","line_number":274}
{"timestamp":"2026-10-04T21:26:15.856191Z","level":"INFO","fields":{"message":"Download group finish","group_id":"20"},"filename":"D:\\a\\xet-core\\xet-core\\xet_pkg\\src\\xet_session\\file_download_group.rs","line_number":306}
{"timestamp":"2026-10-04T21:26:16.491905Z","level":"INFO","fields":{"message":"Received CAS response","request_id":"01M44CYYWP94585EJ22YKRX5Y3","status_code":416},"filename":"D:\\a\\xet-core\\xet-core\\xet_client\\src\\common\\http_client.rs","line_number":288}
{"timestamp":"2026-10-04T21:26:16.491974Z","level":"INFO","fields":{"message":"Reached end of reconstruction 416 (Range Not Satisfiable): \"cas::get_reconstruction_v2\" api call failed (request id 01M44CYYWP94585EJ22YKRX5Y3): HTTP status client error (416 Range Not Satisfiable) for url (https://cas-server.xethub.hf.co/v2/reconstructions/259994f323766ab7a814224d60362b7901ec1a01f74347d3dd176f80da13c0ea)"},"filename":"D:\\a\\xet-core\\xet-core\\xet_client\\src\\cas_client\\retry_wrapper.rs","line_number":189}
{"timestamp":"2026-10-04T21:26:16.523481Z","level":"INFO","fields":{"message":"Received CAS response","request_id":"01M44CYYXEAS9RCTKRRZEVNFQ6","status_code":416},"filename":"D:\\a\\xet-core\\xet-core\\xet_client\\src\\common\\http_client.rs","line_number":288}
{"timestamp":"2026-10-04T21:26:16.523545Z","level":"INFO","fields":{"message":"Reached end of reconstruction 416 (Range Not Satisfiable): \"cas::get_reconstruction_v2\" api call failed (request id 01M44CYYXEAS9RCTKRRZEVNFQ6): HTTP status client error (416 Range Not Satisfiable) for url (https://cas-server.xethub.hf.co/v2/reconstructions/259994f323766ab7a814224d60362b7901ec1a01f74347d3dd176f80da13c0ea)"},"filename":"D:\\a\\xet-core\\xet-core\\xet_client\\src\\cas_client\\retry_wrapper.rs","line_number":189}
{"timestamp":"2026-10-04T21:26:16.523700Z","level":"INFO","fields":{"message":"Received CAS response","request_id":"01M44CYYVS929A8E97D9X4Y420","status_code":200},"filename":"D:\\a\\xet-core\\xet-core\\xet_client\\src\\common\\http_client.rs","line_number":288}
{"timestamp":"2026-10-04T21:26:16.523718Z","level":"INFO","fields":{"message":"Request Success: cas::get_reconstruction_v2 api call succeeded (request id 01M44CYYVS929A8E97D9X4Y420)."},"filename":"D:\\a\\xet-core\\xet-core\\xet_client\\src\\cas_client\\retry_wrapper.rs","line_number":237}
{"timestamp":"2026-10-04T21:26:16.523758Z","level":"INFO","fields":{"message":"Completed get_reconstruction API call","call_id":21,"file_id":"259994f323766ab7a814224d60362b7901ec1a01f74347d3dd176f80da13c0ea","bytes_range":"Some(Range { start: 0, end: 256000000 })","api_version":"v2"},"filename":"D:\\a\\xet-core\\xet-core\\xet_client\\src\\cas_client\\remote_client.rs","line_number":238}
{"timestamp":"2026-10-04T21:26:16.523811Z","level":"INFO","fields":{"message":"Received block of file terms from prefetch queue","file_hash":"259994f323766ab7a814224d60362b7901ec1a01f74347d3dd176f80da13c0ea","domain":"us.aws.cdn.hf.co","block_start":0,"block_end":5747,"block_size":1},"filename":"D:\\a\\xet-core\\xet-core\\xet_data\\src\\file_reconstruction\\reconstruction_terms\\manager.rs","line_number":156}
{"timestamp":"2026-10-04T21:26:16.523877Z","level":"INFO","fields":{"message":"Updated completion rate estimate based on previous block completion time (seconds).","file_hash":"259994f323766ab7a814224d60362b7901ec1a01f74347d3dd176f80da13c0ea","block_start":0,"block_end":5747,"block_size":5747,"completion_time":0.0000648},"filename":"D:\\a\\xet-core\\xet-core\\xet_data\\src\\file_reconstruction\\reconstruction_terms\\manager.rs","line_number":109}
{"timestamp":"2026-10-04T21:26:16.523894Z","level":"INFO","fields":{"message":"Completed prefetch queue; end of file reached.","file_hash":"259994f323766ab7a814224d60362b7901ec1a01f74347d3dd176f80da13c0ea","prefetched_byte_position":1024000000},"filename":"D:\\a\\xet-core\\xet-core\\xet_data\\src\\file_reconstruction\\reconstruction_terms\\manager.rs","line_number":183}
{"timestamp":"2026-10-04T21:26:16.523905Z","level":"INFO","fields":{"message":"All term blocks received and scheduled for writing","file_hash":"259994f323766ab7a814224d60362b7901ec1a01f74347d3dd176f80da13c0ea","block_count":1,"total_terms_processed":1,"total_bytes_scheduled":5747},"filename":"D:\\a\\xet-core\\xet-core\\xet_data\\src\\file_reconstruction\\run_state.rs","line_number":150}
{"timestamp":"2026-10-04T21:26:16.523924Z","level":"INFO","fields":{"message":"Retry strategy","retry":"RetryWrapper { max_attempts: 5, base_delay: 3s, max_duration: 360s, no_retry_on_429: false, retry_on_403: true, expected_416: false, expected_404: false, log_errors_as_info: false, api_tag: \"s3::get_range\", has_connection_permit: true }"},"filename":"D:\\a\\xet-core\\xet-core\\xet_client\\src\\cas_client\\retry_wrapper.rs","line_number":274}
{"timestamp":"2026-10-04T21:26:16.805796Z","level":"INFO","fields":{"message":"Received CAS response","request_id":"01M44CYZ7KKPP5GZWTBWFGCKTC","status_code":206},"filename":"D:\\a\\xet-core\\xet-core\\xet_client\\src\\common\\http_client.rs","line_number":288}
{"timestamp":"2026-10-04T21:26:16.805835Z","level":"INFO","fields":{"message":"Request Success: s3::get_range api call succeeded (request id 01M44CYZ7KKPP5GZWTBWFGCKTC)."},"filename":"D:\\a\\xet-core\\xet-core\\xet_client\\src\\cas_client\\retry_wrapper.rs","line_number":237}
{"timestamp":"2026-10-04T21:26:16.806789Z","level":"INFO","fields":{"message":"File reconstruction completed successfully","file_hash":"259994f323766ab7a814224d60362b7901ec1a01f74347d3dd176f80da13c0ea","block_count":1,"total_terms_processed":1,"total_bytes_scheduled":5747},"filename":"D:\\a\\xet-core\\xet-core\\xet_data\\src\\file_reconstruction\\run_state.rs","line_number":150}
{"timestamp":"2026-10-04T21:26:17.318382Z","level":"INFO","fields":{"message":"CAS auth disabled","caller":"D:\\a\\xet-core\\xet-core\\xet_client\\src\\common\\http_client.rs:166"},"filename":"D:\\a\\xet-core\\xet-core\\xet_runtime\\src\\error_printer\\mod.rs","line_number":198}
{"timestamp":"2026-10-04T21:26:17.318608Z","level":"INFO","fields":{"message":"HTTP client configured","idle_timeout":"60s","max_idle_connections":16,"custom_headers":"Some({\"user-agent\": \"unknown/None; hf_hub/1.33.0; python/3.14.7\"})"},"filename":"D:\\a\\xet-core\\xet-core\\xet_client\\src\\common\\http_client.rs","line_number":187}
{"timestamp":"2026-10-04T21:26:17.319114Z","level":"INFO","fields":{"message":"TranslatorConfig initialized","endpoint":"https://cas-server.xethub.hf.co","session_id":"Some(\"01a108cf-79e6-7b22-aec2-50cc2eb34653\")","shard_cache":"C:\\Users\\ivanr\\MAI\\TRPO\\LABA\\bin\\models_cache\\xet\\https___cas_serv-tGqkUaZf_CBPHQ6h\\shard-cache","shard_session":"C:\\Users\\ivanr\\MAI\\TRPO\\LABA\\bin\\models_cache\\xet\\https___cas_serv-tGqkUaZf_CBPHQ6h\\staging\\shard-session"},"filename":"D:\\a\\xet-core\\xet-core\\xet_data\\src\\processing\\configurations.rs","line_number":127}
{"timestamp":"2026-10-04T21:26:17.319231Z","level":"INFO","fields":{"message":"HTTP client configured","idle_timeout":"60s","max_idle_connections":16,"custom_headers":"Some({\"user-agent\": \"unknown/None; hf_hub/1.33.0; python/3.14.7; hf_xet/1.6.0\"})"},"filename":"D:\\a\\xet-core\\xet-core\\xet_client\\src\\common\\http_client.rs","line_number":187}
{"timestamp":"2026-10-04T21:26:17.319241Z","level":"INFO","fields":{"message":"CAS auth disabled","caller":"D:\\a\\xet-core\\xet-core\\xet_client\\src\\common\\http_client.rs:166"},"filename":"D:\\a\\xet-core\\xet-core\\xet_runtime\\src\\error_printer\\mod.rs","line_number":198}
{"timestamp":"2026-10-04T21:26:17.319247Z","level":"INFO","fields":{"message":"HTTP client configured","idle_timeout":"60s","max_idle_connections":16,"custom_headers":"Some({\"user-agent\": \"unknown/None; hf_hub/1.33.0; python/3.14.7; hf_xet/1.6.0\"})"},"filename":"D:\\a\\xet-core\\xet-core\\xet_client\\src\\common\\http_client.rs","line_number":187}
{"timestamp":"2026-10-04T21:26:17.319323Z","level":"INFO","fields":{"message":"No-read-timeout HTTP client configured (for shard uploads)","connect_timeout":"60s"},"filename":"D:\\a\\xet-core\\xet-core\\xet_client\\src\\common\\http_client.rs","line_number":136}
{"timestamp":"2026-10-04T21:26:17.319373Z","level":"INFO","fields":{"message":"New file download group, session_id=01a108cd-8d3a-7fd1-a4d4-602af36c1c34, group_id=23"},"filename":"D:\\a\\xet-core\\xet-core\\xet_pkg\\src\\xet_session\\file_download_group.rs","line_number":61}
{"timestamp":"2026-10-04T21:26:17.319554Z","level":"INFO","fields":{"message":"Download file to path","group_id":"23","dest_path":"\"C:\\\\Users\\\\ivanr\\\\MAI\\\\TRPO\\\\LABA\\\\bin\\\\models_cache\\\\hub\\\\models--TigreGotico--stressonnx-models\\\\blobs\\\\8395664000b80c1afe09bfea3650945b0933482b8e3dee5bb9d429eb18c44935.ba564653.incomplete\"","hash":"584ce20eb5ecfb1e1015ac408d2e48ada29fbd23cfa2370f94e6f21d0cfddc0f"},"filename":"D:\\a\\xet-core\\xet-core\\xet_pkg\\src\\xet_session\\file_download_group.rs","line_number":287}
{"timestamp":"2026-10-04T21:26:17.319751Z","level":"INFO","fields":{"message":"Reconstructing file to disk","file_hash":"584ce20eb5ecfb1e1015ac408d2e48ada29fbd23cfa2370f94e6f21d0cfddc0f","byte_range":"None","path":"C:\\Users\\ivanr\\MAI\\TRPO\\LABA\\bin\\models_cache\\hub\\models--TigreGotico--stressonnx-models\\blobs\\8395664000b80c1afe09bfea3650945b0933482b8e3dee5bb9d429eb18c44935.ba564653.incomplete","write_offset":"None"},"filename":"D:\\a\\xet-core\\xet-core\\xet_data\\src\\file_reconstruction\\file_reconstructor.rs","line_number":126}
{"timestamp":"2026-10-04T21:26:17.320017Z","level":"INFO","fields":{"message":"Download group finish","group_id":"23"},"filename":"D:\\a\\xet-core\\xet-core\\xet_pkg\\src\\xet_session\\file_download_group.rs","line_number":306}
{"timestamp":"2026-10-04T21:26:17.320398Z","level":"INFO","fields":{"message":"Scheduling prefetch block","file_hash":"584ce20eb5ecfb1e1015ac408d2e48ada29fbd23cfa2370f94e6f21d0cfddc0f","prefetch_range":"(0, 256000000)","requested_block_size":256000000,"actual_block_size":256000000,"queue_depth":1},"filename":"D:\\a\\xet-core\\xet-core\\xet_data\\src\\file_reconstruction\\reconstruction_terms\\manager.rs","line_number":277}
{"timestamp":"2026-10-04T21:26:17.320422Z","level":"INFO","fields":{"message":"Scheduling prefetch block","file_hash":"584ce20eb5ecfb1e1015ac408d2e48ada29fbd23cfa2370f94e6f21d0cfddc0f","prefetch_range":"(256000000, 768000000)","requested_block_size":512000000,"actual_block_size":512000000,"queue_depth":2},"filename":"D:\\a\\xet-core\\xet-core\\xet_data\\src\\file_reconstruction\\reconstruction_terms\\manager.rs","line_number":277}
{"timestamp":"2026-10-04T21:26:17.320431Z","level":"INFO","fields":{"message":"Scheduling prefetch block","file_hash":"584ce20eb5ecfb1e1015ac408d2e48ada29fbd23cfa2370f94e6f21d0cfddc0f","prefetch_range":"(768000000, 1024000000)","requested_block_size":256000000,"actual_block_size":256000000,"queue_depth":3},"filename":"D:\\a\\xet-core\\xet-core\\xet_data\\src\\file_reconstruction\\reconstruction_terms\\manager.rs","line_number":277}
{"timestamp":"2026-10-04T21:26:17.320457Z","level":"INFO","fields":{"message":"Starting get_reconstruction API call","call_id":22,"file_id":"584ce20eb5ecfb1e1015ac408d2e48ada29fbd23cfa2370f94e6f21d0cfddc0f","bytes_range":"Some(Range { start: 768000000, end: 1024000000 })","api_version":"v2"},"filename":"D:\\a\\xet-core\\xet-core\\xet_client\\src\\cas_client\\remote_client.rs","line_number":214}
{"timestamp":"2026-10-04T21:26:17.320467Z","level":"INFO","fields":{"message":"Retry strategy","retry":"RetryWrapper { max_attempts: 5, base_delay: 3s, max_duration: 360s, no_retry_on_429: false, retry_on_403: false, expected_416: true, expected_404: false, log_errors_as_info: false, api_tag: \"cas::get_reconstruction_v2\", has_connection_permit: false }"},"filename":"D:\\a\\xet-core\\xet-core\\xet_client\\src\\cas_client\\retry_wrapper.rs","line_number":274}
{"timestamp":"2026-10-04T21:26:17.320770Z","level":"INFO","fields":{"message":"Starting get_reconstruction API call","call_id":23,"file_id":"584ce20eb5ecfb1e1015ac408d2e48ada29fbd23cfa2370f94e6f21d0cfddc0f","bytes_range":"Some(Range { start: 0, end: 256000000 })","api_version":"v2"},"filename":"D:\\a\\xet-core\\xet-core\\xet_client\\src\\cas_client\\remote_client.rs","line_number":214}
{"timestamp":"2026-10-04T21:26:17.320784Z","level":"INFO","fields":{"message":"Retry strategy","retry":"RetryWrapper { max_attempts: 5, base_delay: 3s, max_duration: 360s, no_retry_on_429: false, retry_on_403: false, expected_416: true, expected_404: false, log_errors_as_info: false, api_tag: \"cas::get_reconstruction_v2\", has_connection_permit: false }"},"filename":"D:\\a\\xet-core\\xet-core\\xet_client\\src\\cas_client\\retry_wrapper.rs","line_number":274}
{"timestamp":"2026-10-04T21:26:17.320784Z","level":"INFO","fields":{"message":"Starting get_reconstruction API call","call_id":24,"file_id":"584ce20eb5ecfb1e1015ac408d2e48ada29fbd23cfa2370f94e6f21d0cfddc0f","bytes_range":"Some(Range { start: 256000000, end: 768000000 })","api_version":"v2"},"filename":"D:\\a\\xet-core\\xet-core\\xet_client\\src\\cas_client\\remote_client.rs","line_number":214}
{"timestamp":"2026-10-04T21:26:17.320800Z","level":"INFO","fields":{"message":"Retry strategy","retry":"RetryWrapper { max_attempts: 5, base_delay: 3s, max_duration: 360s, no_retry_on_429: false, retry_on_403: false, expected_416: true, expected_404: false, log_errors_as_info: false, api_tag: \"cas::get_reconstruction_v2\", has_connection_permit: false }"},"filename":"D:\\a\\xet-core\\xet-core\\xet_client\\src\\cas_client\\retry_wrapper.rs","line_number":274}
{"timestamp":"2026-10-04T21:26:17.920466Z","level":"INFO","fields":{"message":"Received CAS response","request_id":"01M44CZ09EPEA09SPXHEE6NDM8","status_code":416},"filename":"D:\\a\\xet-core\\xet-core\\xet_client\\src\\common\\http_client.rs","line_number":288}
{"timestamp":"2026-10-04T21:26:17.920535Z","level":"INFO","fields":{"message":"Reached end of reconstruction 416 (Range Not Satisfiable): \"cas::get_reconstruction_v2\" api call failed (request id 01M44CZ09EPEA09SPXHEE6NDM8): HTTP status client error (416 Range Not Satisfiable) for url (https://cas-server.xethub.hf.co/v2/reconstructions/584ce20eb5ecfb1e1015ac408d2e48ada29fbd23cfa2370f94e6f21d0cfddc0f)"},"filename":"D:\\a\\xet-core\\xet-core\\xet_client\\src\\cas_client\\retry_wrapper.rs","line_number":189}
{"timestamp":"2026-10-04T21:26:18.011259Z","level":"INFO","fields":{"message":"Received CAS response","request_id":"01M44CZ0BZADF61NEVK9D15038","status_code":416},"filename":"D:\\a\\xet-core\\xet-core\\xet_client\\src\\common\\http_client.rs","line_number":288}
{"timestamp":"2026-10-04T21:26:18.011317Z","level":"INFO","fields":{"message":"Reached end of reconstruction 416 (Range Not Satisfiable): \"cas::get_reconstruction_v2\" api call failed (request id 01M44CZ0BZADF61NEVK9D15038): HTTP status client error (416 Range Not Satisfiable) for url (https://cas-server.xethub.hf.co/v2/reconstructions/584ce20eb5ecfb1e1015ac408d2e48ada29fbd23cfa2370f94e6f21d0cfddc0f)"},"filename":"D:\\a\\xet-core\\xet-core\\xet_client\\src\\cas_client\\retry_wrapper.rs","line_number":189}
{"timestamp":"2026-10-04T21:26:18.115280Z","level":"INFO","fields":{"message":"Received CAS response","request_id":"01M44CZ0AZJN36C19MN9WN2J3K","status_code":200},"filename":"D:\\a\\xet-core\\xet-core\\xet_client\\src\\common\\http_client.rs","line_number":288}
{"timestamp":"2026-10-04T21:26:18.115325Z","level":"INFO","fields":{"message":"Request Success: cas::get_reconstruction_v2 api call succeeded (request id 01M44CZ0AZJN36C19MN9WN2J3K)."},"filename":"D:\\a\\xet-core\\xet-core\\xet_client\\src\\cas_client\\retry_wrapper.rs","line_number":237}
{"timestamp":"2026-10-04T21:26:18.115393Z","level":"INFO","fields":{"message":"Completed get_reconstruction API call","call_id":23,"file_id":"584ce20eb5ecfb1e1015ac408d2e48ada29fbd23cfa2370f94e6f21d0cfddc0f","bytes_range":"Some(Range { start: 0, end: 256000000 })","api_version":"v2"},"filename":"D:\\a\\xet-core\\xet-core\\xet_client\\src\\cas_client\\remote_client.rs","line_number":238}
{"timestamp":"2026-10-04T21:26:18.115491Z","level":"INFO","fields":{"message":"Received block of file terms from prefetch queue","file_hash":"584ce20eb5ecfb1e1015ac408d2e48ada29fbd23cfa2370f94e6f21d0cfddc0f","domain":"us.aws.cdn.hf.co","block_start":0,"block_end":845996,"block_size":7},"filename":"D:\\a\\xet-core\\xet-core\\xet_data\\src\\file_reconstruction\\reconstruction_terms\\manager.rs","line_number":156}
{"timestamp":"2026-10-04T21:26:18.115753Z","level":"INFO","fields":{"message":"Updated completion rate estimate based on previous block completion time (seconds).","file_hash":"584ce20eb5ecfb1e1015ac408d2e48ada29fbd23cfa2370f94e6f21d0cfddc0f","block_start":0,"block_end":845996,"block_size":845996,"completion_time":0.0002586},"filename":"D:\\a\\xet-core\\xet-core\\xet_data\\src\\file_reconstruction\\reconstruction_terms\\manager.rs","line_number":109}
{"timestamp":"2026-10-04T21:26:18.115796Z","level":"INFO","fields":{"message":"Retry strategy","retry":"RetryWrapper { max_attempts: 5, base_delay: 3s, max_duration: 360s, no_retry_on_429: false, retry_on_403: true, expected_416: false, expected_404: false, log_errors_as_info: false, api_tag: \"s3::get_range\", has_connection_permit: true }"},"filename":"D:\\a\\xet-core\\xet-core\\xet_client\\src\\cas_client\\retry_wrapper.rs","line_number":274}
{"timestamp":"2026-10-04T21:26:18.115787Z","level":"INFO","fields":{"message":"Retry strategy","retry":"RetryWrapper { max_attempts: 5, base_delay: 3s, max_duration: 360s, no_retry_on_429: false, retry_on_403: true, expected_416: false, expected_404: false, log_errors_as_info: false, api_tag: \"s3::get_range\", has_connection_permit: true }"},"filename":"D:\\a\\xet-core\\xet-core\\xet_client\\src\\cas_client\\retry_wrapper.rs","line_number":274}
{"timestamp":"2026-10-04T21:26:18.115829Z","level":"INFO","fields":{"message":"Completed prefetch queue; end of file reached.","file_hash":"584ce20eb5ecfb1e1015ac408d2e48ada29fbd23cfa2370f94e6f21d0cfddc0f","prefetched_byte_position":1024000000},"filename":"D:\\a\\xet-core\\xet-core\\xet_data\\src\\file_reconstruction\\reconstruction_terms\\manager.rs","line_number":183}
{"timestamp":"2026-10-04T21:26:18.115866Z","level":"INFO","fields":{"message":"All term blocks received and scheduled for writing","file_hash":"584ce20eb5ecfb1e1015ac408d2e48ada29fbd23cfa2370f94e6f21d0cfddc0f","block_count":1,"total_terms_processed":7,"total_bytes_scheduled":845996},"filename":"D:\\a\\xet-core\\xet-core\\xet_data\\src\\file_reconstruction\\run_state.rs","line_number":150}
{"timestamp":"2026-10-04T21:26:18.115938Z","level":"INFO","fields":{"message":"Retry strategy","retry":"RetryWrapper { max_attempts: 5, base_delay: 3s, max_duration: 360s, no_retry_on_429: false, retry_on_403: true, expected_416: false, expected_404: false, log_errors_as_info: false, api_tag: \"s3::get_range\", has_connection_permit: true }"},"filename":"D:\\a\\xet-core\\xet-core\\xet_client\\src\\cas_client\\retry_wrapper.rs","line_number":274}
{"timestamp":"2026-10-04T21:26:18.116330Z","level":"INFO","fields":{"message":"Retry strategy","retry":"RetryWrapper { max_attempts: 5, base_delay: 3s, max_duration: 360s, no_retry_on_429: false, retry_on_403: true, expected_416: false, expected_404: false, log_errors_as_info: false, api_tag: \"s3::get_range\", has_connection_permit: true }"},"filename":"D:\\a\\xet-core\\xet-core\\xet_client\\src\\cas_client\\retry_wrapper.rs","line_number":274}
{"timestamp":"2026-10-04T21:26:18.116485Z","level":"INFO","fields":{"message":"Retry strategy","retry":"RetryWrapper { max_attempts: 5, base_delay: 3s, max_duration: 360s, no_retry_on_429: false, retry_on_403: true, expected_416: false, expected_404: false, log_errors_as_info: false, api_tag: \"s3::get_range\", has_connection_permit: true }"},"filename":"D:\\a\\xet-core\\xet-core\\xet_client\\src\\cas_client\\retry_wrapper.rs","line_number":274}
{"timestamp":"2026-10-04T21:26:18.447425Z","level":"INFO","fields":{"message":"Received CAS response","request_id":"01M44CZ0TVWYYNSNWN3PYB4Z96","status_code":206},"filename":"D:\\a\\xet-core\\xet-core\\xet_client\\src\\common\\http_client.rs","line_number":288}
{"timestamp":"2026-10-04T21:26:18.447473Z","level":"INFO","fields":{"message":"Request Success: s3::get_range api call succeeded (request id 01M44CZ0TVWYYNSNWN3PYB4Z96)."},"filename":"D:\\a\\xet-core\\xet-core\\xet_client\\src\\cas_client\\retry_wrapper.rs","line_number":237}
{"timestamp":"2026-10-04T21:26:18.488494Z","level":"INFO","fields":{"message":"Received CAS response","request_id":"01M44CZ0VW5K7F7YPWSH4D1W54","status_code":206},"filename":"D:\\a\\xet-core\\xet-core\\xet_client\\src\\common\\http_client.rs","line_number":288}
{"timestamp":"2026-10-04T21:26:18.488532Z","level":"INFO","fields":{"message":"Request Success: s3::get_range api call succeeded (request id 01M44CZ0VW5K7F7YPWSH4D1W54)."},"filename":"D:\\a\\xet-core\\xet-core\\xet_client\\src\\cas_client\\retry_wrapper.rs","line_number":237}
{"timestamp":"2026-10-04T21:26:18.488663Z","level":"INFO","fields":{"message":"Received CAS response","request_id":"01M44CZ0VY005M9ETDJ5EKD34C","status_code":206},"filename":"D:\\a\\xet-core\\xet-core\\xet_client\\src\\common\\http_client.rs","line_number":288}
{"timestamp":"2026-10-04T21:26:18.488674Z","level":"INFO","fields":{"message":"Request Success: s3::get_range api call succeeded (request id 01M44CZ0VY005M9ETDJ5EKD34C)."},"filename":"D:\\a\\xet-core\\xet-core\\xet_client\\src\\cas_client\\retry_wrapper.rs","line_number":237}
{"timestamp":"2026-10-04T21:26:18.529370Z","level":"INFO","fields":{"message":"Received CAS response","request_id":"01M44CZ0WFNACB88Q7MAVMWQW9","status_code":206},"filename":"D:\\a\\xet-core\\xet-core\\xet_client\\src\\common\\http_client.rs","line_number":288}
{"timestamp":"2026-10-04T21:26:18.529405Z","level":"INFO","fields":{"message":"Request Success: s3::get_range api call succeeded (request id 01M44CZ0WFNACB88Q7MAVMWQW9)."},"filename":"D:\\a\\xet-core\\xet-core\\xet_client\\src\\cas_client\\retry_wrapper.rs","line_number":237}
{"timestamp":"2026-10-04T21:26:18.562481Z","level":"INFO","fields":{"message":"Received CAS response","request_id":"01M44CZ0VPRSZPBCJ91ASJRK70","status_code":206},"filename":"D:\\a\\xet-core\\xet-core\\xet_client\\src\\common\\http_client.rs","line_number":288}
{"timestamp":"2026-10-04T21:26:18.562534Z","level":"INFO","fields":{"message":"Request Success: s3::get_range api call succeeded (request id 01M44CZ0VPRSZPBCJ91ASJRK70)."},"filename":"D:\\a\\xet-core\\xet-core\\xet_client\\src\\cas_client\\retry_wrapper.rs","line_number":237}
{"timestamp":"2026-10-04T21:26:18.874066Z","level":"INFO","fields":{"message":"File reconstruction completed successfully","file_hash":"584ce20eb5ecfb1e1015ac408d2e48ada29fbd23cfa2370f94e6f21d0cfddc0f","block_count":1,"total_terms_processed":7,"total_bytes_scheduled":845996},"filename":"D:\\a\\xet-core\\xet-core\\xet_data\\src\\file_reconstruction\\run_state.rs","line_number":150}
